set quoted_identifier on
go
use "EqDeriv"
go
--set identity_insert "Categories" off
--go
--ALTER TABLE "Categories" CHECK CONSTRAINT ALL
--go
set quoted_identifier on
go

truncate table [dbo].[Account]
go
truncate table [dbo].[OpenPosition]
go
truncate table [dbo].[TradeBlotter]
go
truncate table [dbo].[PositionRisk]
go

INSERT INTO [dbo].[Account] VALUES ('M00100',NULL,'BAM','A','2023-01-23 12:39:24')
INSERT INTO [dbo].[Account] VALUES ('M00101',NULL,'NORTH FOUFITH ASSET MANAGEMENT LP','A','2023-04-26 12:39:24')
INSERT INTO [dbo].[Account] VALUES ('M00102',NULL,'ODEY ASSET MGMT','A','2023-08-19 12:39:24')
INSERT INTO [dbo].[Account] VALUES ('M00103',NULL,'UCM PARTNERS','A','2023-06-30 12:39:24')
INSERT INTO [dbo].[Account] VALUES ('M00104',NULL,'COATUE','A','2023-09-23 12:39:24')
INSERT INTO [dbo].[Account] VALUES ('M00105',NULL,'PICTON MAHONEY','A','2022-09-16 12:39:24')
INSERT INTO [dbo].[Account] VALUES ('M00106',NULL,'USAA','A','2022-12-11 12:39:24')
INSERT INTO [dbo].[Account] VALUES ('M00107',NULL,'WELLS FARGO','A','2023-11-14 12:39:24')
INSERT INTO [dbo].[Account] VALUES ('M00108',NULL,'NOMURA FLOW JAPAN','A','2023-01-17 12:39:24')
INSERT INTO [dbo].[Account] VALUES ('M00109',NULL,'ROCKVILLE CAPITAL','A','2022-08-25 12:39:24')
INSERT INTO [dbo].[Account] VALUES ('M00110',NULL,'JPM','A','2023-12-17 12:39:24')
INSERT INTO [dbo].[Account] VALUES ('M00111',NULL,'NOMURA LONDON','A','2023-10-17 12:39:24')
INSERT INTO [dbo].[Account] VALUES ('M00112',NULL,'CSAM LAB','A','2022-10-10 12:39:24')
INSERT INTO [dbo].[Account] VALUES ('M00113',NULL,'MARINER','A','2023-11-02 12:39:24')
INSERT INTO [dbo].[Account] VALUES ('M00114',NULL,'LEVEL GLOBAL','A','2023-02-26 12:39:24')
INSERT INTO [dbo].[Account] VALUES ('M00115',NULL,'SILVER POINT','A','2022-11-20 12:39:24')
INSERT INTO [dbo].[Account] VALUES ('M00116',NULL,'WELLS CAPITAL MG MT','A','2022-10-26 12:39:24')
INSERT INTO [dbo].[Account] VALUES ('M00117',NULL,'BLENHEIM CAPITAL','A','2023-09-13 12:39:24')
INSERT INTO [dbo].[Account] VALUES ('M00118',NULL,'MOG','A','2023-07-28 12:39:24')
INSERT INTO [dbo].[Account] VALUES ('M00119',NULL,'SOPRANO','A','2022-09-03 12:39:24')
INSERT INTO [dbo].[Account] VALUES ('M00120',NULL,'TWO SIGMA INVESTMENTS LLC','A','2023-10-16 12:39:24')
INSERT INTO [dbo].[Account] VALUES ('M00121',NULL,'J GOLDMAN & CO LP','A','2023-11-12 12:39:24')
INSERT INTO [dbo].[Account] VALUES ('M00122',NULL,'SOUTH FERRY','A','2022-12-30 12:39:24')
INSERT INTO [dbo].[Account] VALUES ('M00123',NULL,'PKE','A','2023-05-20 12:39:24')
INSERT INTO [dbo].[Account] VALUES ('M00124',NULL,'FORE RESEARCH','A','2023-12-15 12:39:24')
INSERT INTO [dbo].[Account] VALUES ('M00125',NULL,'RONIN','A','2023-04-11 12:39:24')
INSERT INTO [dbo].[Account] VALUES ('M00126',NULL,'CARLSON CAPITAL','A','2023-12-01 12:39:24')
INSERT INTO [dbo].[Account] VALUES ('M00127',NULL,'CAMBIAR INVESTORS','A','2023-09-16 12:39:24')
INSERT INTO [dbo].[Account] VALUES ('M00128',NULL,'PARALLAX','A','2023-05-12 12:39:24')
INSERT INTO [dbo].[Account] VALUES ('M00129',NULL,'LIBRE MAX','A','2023-04-16 12:39:24')

INSERT INTO [dbo].[TradeBlotter] VALUES (20231122,'M00123','PKE','Bot',186,'SOXL',20260619,579.2,'C',856.2,NULL)
INSERT INTO [dbo].[TradeBlotter] VALUES (20231007,'M00121','J GOLDMAN & CO LP','Bot',952,'FLH',20260710,1203.8,'C',1140.2,NULL)
INSERT INTO [dbo].[TradeBlotter] VALUES (20231124,'M00110','JPM','Bot',2779,'STEM',20260216,1164.2,'C',416.4,NULL)
INSERT INTO [dbo].[TradeBlotter] VALUES (20231201,'M00116','WELLS CAPITAL MG MT','Sold',2410,'T',20240915,2.6,'C',483,NULL)
INSERT INTO [dbo].[TradeBlotter] VALUES (20231015,'M00111','NOMURA LONDON','Bot',442,'CMS',20241127,449.2,'C',1084,NULL)
INSERT INTO [dbo].[TradeBlotter] VALUES (20231118,'M00116','WELLS CAPITAL MG MT','Sold',1069,'MTB',20240801,1273.2,'C',1868.8,NULL)
INSERT INTO [dbo].[TradeBlotter] VALUES (20231007,'M00108','NOMURA FLOW JAPAN','Bot',2807,'NVO',20240422,41,'P',1731.2,NULL)
INSERT INTO [dbo].[TradeBlotter] VALUES (20231017,'M00106','USAA','Bot',1688,'CAT',20260504,1056.4,'C',1542.8,NULL)
INSERT INTO [dbo].[TradeBlotter] VALUES (20231018,'M00114','LEVEL GLOBAL','Sold',2375,'BKR',20250109,1440.8,'C',1066.2,NULL)
INSERT INTO [dbo].[TradeBlotter] VALUES (20230913,'M00116','WELLS CAPITAL MG MT','Bot',1945,'SPX',20251225,88.8,'C',992,NULL)
INSERT INTO [dbo].[TradeBlotter] VALUES (20231001,'M00101','NORTH FOUFITH ASSET MANAGEMENT LP','Sold',2858,'TTD',20250529,379.2,'P',1764.2,NULL)
INSERT INTO [dbo].[TradeBlotter] VALUES (20231125,'M00115','SILVER POINT','Sold',1339,'DDD',20250422,1963,'P',1731,NULL)
INSERT INTO [dbo].[TradeBlotter] VALUES (20231217,'M00117','BLENHEIM CAPITAL','Bot',1850,'GH',20240218,1113.2,'P',212,NULL)
INSERT INTO [dbo].[TradeBlotter] VALUES (20231027,'M00102','ODEY ASSET MGMT','Sold',409,'STEM',20251210,1680.2,'P',740,NULL)
INSERT INTO [dbo].[TradeBlotter] VALUES (20231130,'M00116','WELLS CAPITAL MG MT','Bot',1088,'J',20250224,301.2,'C',1868,NULL)
INSERT INTO [dbo].[TradeBlotter] VALUES (20231213,'M00105','PICTON MAHONEY','Bot',2140,'BBBY',20260219,1800.4,'C',940.8,NULL)
INSERT INTO [dbo].[TradeBlotter] VALUES (20231008,'M00101','NORTH FOUFITH ASSET MANAGEMENT LP','Bot',195,'BLDR',20240425,537.6,'C',840.2,NULL)
INSERT INTO [dbo].[TradeBlotter] VALUES (20231211,'M00111','NOMURA LONDON','Sold',581,'TCOM',20241027,1433,'C',1557,NULL)
INSERT INTO [dbo].[TradeBlotter] VALUES (20230913,'M00125','RONIN','Sold',1401,'XEL',20240310,1301,'P',1242,NULL)
INSERT INTO [dbo].[TradeBlotter] VALUES (20231016,'M00104','COATUE','Sold',1358,'VMW',20250813,508.8,'P',855.4,NULL)
INSERT INTO [dbo].[TradeBlotter] VALUES (20230927,'M00123','PKE','Bot',655,'ETN',20250620,1792.8,'C',327.2,NULL)
INSERT INTO [dbo].[TradeBlotter] VALUES (20230928,'M00117','BLENHEIM CAPITAL','Bot',2033,'HOUS',20241126,1976.8,'C',42,NULL)
INSERT INTO [dbo].[TradeBlotter] VALUES (20231104,'M00119','SOPRANO','Bot',1100,'ZTO',20240529,213.4,'P',1650.6,NULL)
INSERT INTO [dbo].[TradeBlotter] VALUES (20231016,'M00115','SILVER POINT','Sold',2169,'THV',20260902,1037.6,'P',682.2,NULL)
INSERT INTO [dbo].[TradeBlotter] VALUES (20231217,'M00113','MARINER','Sold',379,'SMO',20260307,80.8,'C',1025.6,NULL)
INSERT INTO [dbo].[TradeBlotter] VALUES (20230917,'M00119','SOPRANO','Sold',436,'IGT',20250719,2.6,'C',6.6,NULL)
INSERT INTO [dbo].[TradeBlotter] VALUES (20231014,'M00100','BAM','Sold',572,'IGT',20250806,823,'P',1935,NULL)
INSERT INTO [dbo].[TradeBlotter] VALUES (20231123,'M00115','SILVER POINT','Sold',2697,'WDC',20260528,916.6,'P',1661.8,NULL)
INSERT INTO [dbo].[TradeBlotter] VALUES (20231209,'M00122','SOUTH FERRY','Sold',1696,'COP',20250313,575.4,'P',1753.6,NULL)
INSERT INTO [dbo].[TradeBlotter] VALUES (20230917,'M00121','J GOLDMAN & CO LP','Bot',1788,'JPM',20250523,1163.8,'P',195.6,NULL)
INSERT INTO [dbo].[TradeBlotter] VALUES (20231206,'M00115','SILVER POINT','Sold',474,'OSTK',20240725,1295.4,'C',985,NULL)
INSERT INTO [dbo].[TradeBlotter] VALUES (20230911,'M00117','BLENHEIM CAPITAL','Sold',1268,'J',20240703,1424.4,'P',439.6,NULL)
INSERT INTO [dbo].[TradeBlotter] VALUES (20231123,'M00126','CARLSON CAPITAL','Sold',2012,'AAPL',20240202,1820.8,'C',1686.6,NULL)
INSERT INTO [dbo].[TradeBlotter] VALUES (20230928,'M00119','SOPRANO','Bot',2030,'SHW',20241005,186.8,'P',1592,NULL)
INSERT INTO [dbo].[TradeBlotter] VALUES (20231119,'M00123','PKE','Sold',2365,'RBLX',20250517,1121.4,'C',1536.2,NULL)
INSERT INTO [dbo].[TradeBlotter] VALUES (20231027,'M00119','SOPRANO','Sold',282,'XYL',20260425,1152,'P',1112.2,NULL)
INSERT INTO [dbo].[TradeBlotter] VALUES (20231023,'M00104','COATUE','Bot',1054,'COTY',20240309,891.2,'P',1250.8,NULL)
INSERT INTO [dbo].[TradeBlotter] VALUES (20231130,'M00111','NOMURA LONDON','Bot',780,'BABA',20240614,551.6,'P',1329.6,NULL)
INSERT INTO [dbo].[TradeBlotter] VALUES (20231105,'M00110','JPM','Sold',2169,'NOC',20241028,357.6,'P',271.6,NULL)
INSERT INTO [dbo].[TradeBlotter] VALUES (20231012,'M00109','ROCKVILLE CAPITAL','Bot',1893,'AMBA',20241203,720.8,'C',525,NULL)
INSERT INTO [dbo].[TradeBlotter] VALUES (20231008,'M00111','NOMURA LONDON','Bot',2296,'NOC',20260829,244,'P',917.2,NULL)
INSERT INTO [dbo].[TradeBlotter] VALUES (20231123,'M00113','MARINER','Sold',32,'NOC',20240922,1591,'C',1710.2,NULL)
INSERT INTO [dbo].[TradeBlotter] VALUES (20231130,'M00112','CSAM LAB','Sold',957,'MNTS',20260309,1174,'C',580.8,NULL)
INSERT INTO [dbo].[TradeBlotter] VALUES (20231208,'M00112','CSAM LAB','Bot',1753,'NVO',20260704,550,'C',829.2,NULL)
INSERT INTO [dbo].[TradeBlotter] VALUES (20230913,'M00127','CAMBIAR INVESTORS','Bot',390,'MTB',20250824,1556.8,'P',962,NULL)
INSERT INTO [dbo].[TradeBlotter] VALUES (20230921,'M00107','WELLS FARGO','Bot',2929,'DXJ',20250425,1666.4,'C',1197.4,NULL)
INSERT INTO [dbo].[TradeBlotter] VALUES (20230928,'M00109','ROCKVILLE CAPITAL','Bot',1836,'T',20250427,1987,'P',1489,NULL)
INSERT INTO [dbo].[TradeBlotter] VALUES (20231217,'M00128','PARALLAX','Bot',2921,'MNTS',20240408,670.2,'C',1129.4,NULL)
INSERT INTO [dbo].[TradeBlotter] VALUES (20231030,'M00122','SOUTH FERRY','Bot',1243,'K',20250114,797,'P',769.4,NULL)
INSERT INTO [dbo].[TradeBlotter] VALUES (20231102,'M00117','BLENHEIM CAPITAL','Bot',170,'AAL',20260326,1233.4,'C',803.6,NULL)
INSERT INTO [dbo].[TradeBlotter] VALUES (20231114,'M00125','RONIN','Sold',265,'GH',20260709,823.2,'P',1137.4,NULL)
INSERT INTO [dbo].[TradeBlotter] VALUES (20231006,'M00127','CAMBIAR INVESTORS','Bot',245,'NOC',20251031,1227.6,'C',898,NULL)
INSERT INTO [dbo].[TradeBlotter] VALUES (20230917,'M00121','J GOLDMAN & CO LP','Bot',2517,'WM',20260307,991.8,'C',1369,NULL)
INSERT INTO [dbo].[TradeBlotter] VALUES (20231103,'M00107','WELLS FARGO','Sold',1061,'STEM',20250325,441.2,'C',321,NULL)
INSERT INTO [dbo].[TradeBlotter] VALUES (20230910,'M00100','BAM','Sold',299,'UN',20241213,266.2,'C',1508.6,NULL)
INSERT INTO [dbo].[TradeBlotter] VALUES (20231204,'M00124','FORE RESEARCH','Sold',2095,'XEL',20250623,612.6,'P',1825.4,NULL)
INSERT INTO [dbo].[TradeBlotter] VALUES (20230930,'M00106','USAA','Sold',1482,'MNTS',20240711,1199.8,'C',1820.8,NULL)
INSERT INTO [dbo].[TradeBlotter] VALUES (20231130,'M00113','MARINER','Bot',2804,'XYL',20260508,1821.2,'C',1245,NULL)
INSERT INTO [dbo].[TradeBlotter] VALUES (20231104,'M00121','J GOLDMAN & CO LP','Sold',2726,'FSLY',20260614,1454.2,'C',425,NULL)
INSERT INTO [dbo].[TradeBlotter] VALUES (20231210,'M00100','BAM','Bot',635,'BLDR',20250124,1826.8,'C',517.6,NULL)
INSERT INTO [dbo].[TradeBlotter] VALUES (20231206,'M00111','NOMURA LONDON','Bot',2755,'IR',20251021,750.2,'C',583.4,NULL)
INSERT INTO [dbo].[TradeBlotter] VALUES (20231115,'M00116','WELLS CAPITAL MG MT','Bot',2666,'TSHA',20250601,1453,'C',975.8,NULL)
INSERT INTO [dbo].[TradeBlotter] VALUES (20231112,'M00111','NOMURA LONDON','Sold',2272,'RBLX',20260819,420.2,'C',446,NULL)
INSERT INTO [dbo].[TradeBlotter] VALUES (20231119,'M00108','NOMURA FLOW JAPAN','Bot',1522,'TTD',20240427,688.2,'P',106.4,NULL)
INSERT INTO [dbo].[TradeBlotter] VALUES (20231020,'M00120','TWO SIGMA INVESTMENTS LLC','Sold',881,'PARA',20260711,127.2,'P',1411.2,NULL)
INSERT INTO [dbo].[TradeBlotter] VALUES (20230911,'M00123','PKE','Bot',1771,'XP',20250403,1244.4,'P',633.4,NULL)
INSERT INTO [dbo].[TradeBlotter] VALUES (20231029,'M00125','RONIN','Sold',1778,'IFW',20240413,908.4,'P',677,NULL)
INSERT INTO [dbo].[TradeBlotter] VALUES (20231201,'M00113','MARINER','Bot',594,'IOVA',20260213,1630.6,'C',696.4,NULL)
INSERT INTO [dbo].[TradeBlotter] VALUES (20231203,'M00120','TWO SIGMA INVESTMENTS LLC','Sold',2391,'BCYC',20241004,671.4,'C',1140.2,NULL)
INSERT INTO [dbo].[TradeBlotter] VALUES (20231002,'M00120','TWO SIGMA INVESTMENTS LLC','Bot',1250,'AZEK',20240623,1026.2,'C',372.8,NULL)
INSERT INTO [dbo].[TradeBlotter] VALUES (20231217,'M00120','TWO SIGMA INVESTMENTS LLC','Bot',2701,'AZN',20260412,860.8,'P',694.8,NULL)
INSERT INTO [dbo].[TradeBlotter] VALUES (20231201,'M00102','ODEY ASSET MGMT','Sold',2501,'IGT',20260531,465,'P',588.8,NULL)
INSERT INTO [dbo].[TradeBlotter] VALUES (20231126,'M00114','LEVEL GLOBAL','Sold',1412,'HOU',20250406,1761.8,'P',1557.8,NULL)
INSERT INTO [dbo].[TradeBlotter] VALUES (20231201,'M00104','COATUE','Bot',427,'ELAN',20260404,1090.6,'C',294,NULL)
INSERT INTO [dbo].[TradeBlotter] VALUES (20231210,'M00121','J GOLDMAN & CO LP','Sold',2949,'THV',20240527,1744,'P',1622.4,NULL)
INSERT INTO [dbo].[TradeBlotter] VALUES (20230911,'M00124','FORE RESEARCH','Bot',370,'AMBA',20250612,695,'C',142.4,NULL)
INSERT INTO [dbo].[TradeBlotter] VALUES (20230918,'M00107','WELLS FARGO','Sold',2460,'TSHA',20260621,1845.6,'P',1264.4,NULL)
INSERT INTO [dbo].[TradeBlotter] VALUES (20231201,'M00113','MARINER','Bot',2686,'HLL',20260218,867.2,'P',478,NULL)
INSERT INTO [dbo].[TradeBlotter] VALUES (20231020,'M00124','FORE RESEARCH','Bot',2905,'DE',20241012,1695.4,'C',210.8,NULL)
INSERT INTO [dbo].[TradeBlotter] VALUES (20231208,'M00100','BAM','Bot',2331,'IOVA',20260725,1313.2,'C',1172,NULL)
INSERT INTO [dbo].[TradeBlotter] VALUES (20231114,'M00112','CSAM LAB','Bot',2187,'ETN',20240816,388.8,'P',1052,NULL)
INSERT INTO [dbo].[TradeBlotter] VALUES (20230920,'M00120','TWO SIGMA INVESTMENTS LLC','Bot',2772,'LTHM',20240518,385.8,'C',213.2,NULL)
INSERT INTO [dbo].[TradeBlotter] VALUES (20231005,'M00105','PICTON MAHONEY','Sold',2020,'XEL',20250312,1581.2,'C',526.4,NULL)
INSERT INTO [dbo].[TradeBlotter] VALUES (20230920,'M00113','MARINER','Sold',2450,'THV',20240708,647.6,'P',539.4,NULL)
INSERT INTO [dbo].[TradeBlotter] VALUES (20231007,'M00121','J GOLDMAN & CO LP','Sold',1331,'SMO',20250421,1039.8,'C',941.8,NULL)
INSERT INTO [dbo].[TradeBlotter] VALUES (20231207,'M00104','COATUE','Bot',2895,'THV',20260116,514.4,'P',742,NULL)
INSERT INTO [dbo].[TradeBlotter] VALUES (20231211,'M00128','PARALLAX','Bot',390,'THV',20250417,365.4,'C',1979.4,NULL)
INSERT INTO [dbo].[TradeBlotter] VALUES (20231210,'M00116','WELLS CAPITAL MG MT','Sold',1121,'GPN',20260225,1961.4,'P',1952.6,NULL)
INSERT INTO [dbo].[TradeBlotter] VALUES (20231028,'M00112','CSAM LAB','Bot',1310,'VLY',20250424,1409.8,'C',700.6,NULL)
INSERT INTO [dbo].[TradeBlotter] VALUES (20230911,'M00126','CARLSON CAPITAL','Bot',637,'TLT',20250108,122.4,'P',1140,NULL)
INSERT INTO [dbo].[TradeBlotter] VALUES (20231023,'M00106','USAA','Bot',2498,'MTB',20250113,1256.6,'P',359,NULL)
INSERT INTO [dbo].[TradeBlotter] VALUES (20231104,'M00100','BAM','Bot',950,'BLDR',20251010,1097.2,'C',1047.4,NULL)
INSERT INTO [dbo].[TradeBlotter] VALUES (20231126,'M00103','UCM PARTNERS','Sold',1769,'K',20250413,804.6,'C',1346.8,NULL)
INSERT INTO [dbo].[TradeBlotter] VALUES (20231102,'M00119','SOPRANO','Bot',376,'SHW',20260510,649.4,'P',714,NULL)
INSERT INTO [dbo].[TradeBlotter] VALUES (20231006,'M00121','J GOLDMAN & CO LP','Sold',403,'K',20240621,1176.4,'P',669.4,NULL)
INSERT INTO [dbo].[TradeBlotter] VALUES (20231119,'M00108','NOMURA FLOW JAPAN','Bot',2059,'SMO',20241116,1924.8,'P',146.6,NULL)
INSERT INTO [dbo].[TradeBlotter] VALUES (20231031,'M00116','WELLS CAPITAL MG MT','Sold',328,'COW',20260613,1888,'P',1363,NULL)
INSERT INTO [dbo].[TradeBlotter] VALUES (20231108,'M00115','SILVER POINT','Bot',1196,'HOUS',20260302,1066.8,'P',938.2,NULL)
INSERT INTO [dbo].[TradeBlotter] VALUES (20231002,'M00118','MOG','Bot',818,'ARCC',20240617,540.6,'P',486.8,NULL)
INSERT INTO [dbo].[TradeBlotter] VALUES (20231007,'M00100','BAM','Bot',2732,'INSP',20240201,35.2,'C',472.6,NULL)
INSERT INTO [dbo].[TradeBlotter] VALUES (20231202,'M00125','RONIN','Bot',2336,'SOXL',20250607,794.2,'P',906.8,NULL)
INSERT INTO [dbo].[TradeBlotter] VALUES (20231116,'M00113','MARINER','Bot',2446,'SHEL',20251004,1458.4,'P',564.8,NULL)
INSERT INTO [dbo].[TradeBlotter] VALUES (20231208,'M00116','WELLS CAPITAL MG MT','Sold',1060,'ELAN',20240323,1385,'C',994,NULL)
INSERT INTO [dbo].[TradeBlotter] VALUES (20231214,'M00127','CAMBIAR INVESTORS','Sold',1784,'VHT',20260530,1080.2,'P',940,NULL)
INSERT INTO [dbo].[TradeBlotter] VALUES (20231214,'M00116','WELLS CAPITAL MG MT','Bot',2647,'AMAT',20250225,27,'P',800.6,NULL)
INSERT INTO [dbo].[TradeBlotter] VALUES (20231010,'M00101','NORTH FOUFITH ASSET MANAGEMENT LP','Sold',2418,'AAL',20260301,1432.2,'C',1252.4,NULL)
INSERT INTO [dbo].[TradeBlotter] VALUES (20231120,'M00111','NOMURA LONDON','Sold',541,'MTB',20240730,1073,'C',620.6,NULL)
INSERT INTO [dbo].[TradeBlotter] VALUES (20231206,'M00122','SOUTH FERRY','Sold',255,'WDC',20250112,1365,'C',1095,NULL)
INSERT INTO [dbo].[TradeBlotter] VALUES (20231116,'M00109','ROCKVILLE CAPITAL','Sold',1539,'HOUR',20250323,1092,'C',44.4,NULL)
INSERT INTO [dbo].[TradeBlotter] VALUES (20230927,'M00105','PICTON MAHONEY','Bot',2596,'SMO',20250416,1337.2,'C',263.4,NULL)
INSERT INTO [dbo].[TradeBlotter] VALUES (20231007,'M00118','MOG','Bot',1591,'K',20250607,347.4,'P',1311.2,NULL)
INSERT INTO [dbo].[TradeBlotter] VALUES (20231210,'M00101','NORTH FOUFITH ASSET MANAGEMENT LP','Bot',1727,'DV',20241216,1701.4,'P',1751,NULL)
INSERT INTO [dbo].[TradeBlotter] VALUES (20230913,'M00102','ODEY ASSET MGMT','Bot',2913,'HOU',20240614,1674.2,'P',1151.6,NULL)
INSERT INTO [dbo].[TradeBlotter] VALUES (20231112,'M00124','FORE RESEARCH','Sold',1767,'INSP',20260406,1691,'C',1554.4,NULL)
INSERT INTO [dbo].[TradeBlotter] VALUES (20231026,'M00121','J GOLDMAN & CO LP','Sold',1254,'HOU',20240509,1382.4,'C',444.8,NULL)
INSERT INTO [dbo].[TradeBlotter] VALUES (20231204,'M00125','RONIN','Bot',1993,'UN',20250107,1997.4,'P',1510.2,NULL)
INSERT INTO [dbo].[TradeBlotter] VALUES (20231208,'M00103','UCM PARTNERS','Sold',2102,'TSHA',20250221,198.2,'C',1365,NULL)
INSERT INTO [dbo].[TradeBlotter] VALUES (20231127,'M00101','NORTH FOUFITH ASSET MANAGEMENT LP','Sold',2650,'TLT',20240213,64.8,'P',1488.2,NULL)
INSERT INTO [dbo].[TradeBlotter] VALUES (20231204,'M00123','PKE','Sold',1228,'VHT',20250924,1086.2,'C',121,NULL)
INSERT INTO [dbo].[TradeBlotter] VALUES (20231026,'M00121','J GOLDMAN & CO LP','Bot',330,'GH',20260828,1795.4,'P',1995,NULL)
INSERT INTO [dbo].[TradeBlotter] VALUES (20231028,'M00109','ROCKVILLE CAPITAL','Bot',2291,'CAT',20260421,647,'P',959,NULL)
INSERT INTO [dbo].[TradeBlotter] VALUES (20231109,'M00123','PKE','Bot',2293,'DDD',20240827,1702.4,'C',1958.2,NULL)
INSERT INTO [dbo].[TradeBlotter] VALUES (20231022,'M00107','WELLS FARGO','Bot',2278,'J',20251111,1162.2,'P',1918.2,NULL)
INSERT INTO [dbo].[TradeBlotter] VALUES (20231102,'M00106','USAA','Sold',490,'IOVA',20241218,1183.8,'C',579,NULL)
INSERT INTO [dbo].[TradeBlotter] VALUES (20231112,'M00109','ROCKVILLE CAPITAL','Bot',590,'JPM',20260202,1976.2,'P',325.8,NULL)
INSERT INTO [dbo].[TradeBlotter] VALUES (20231215,'M00113','MARINER','Sold',1570,'T',20250826,793.4,'C',964.8,NULL)
INSERT INTO [dbo].[TradeBlotter] VALUES (20231119,'M00107','WELLS FARGO','Sold',2638,'UN',20250226,59.4,'C',796,NULL)
INSERT INTO [dbo].[TradeBlotter] VALUES (20230914,'M00115','SILVER POINT','Sold',1004,'AHHY',20241212,233.8,'C',1774.4,NULL)
INSERT INTO [dbo].[TradeBlotter] VALUES (20231209,'M00120','TWO SIGMA INVESTMENTS LLC','Bot',43,'PXD',20250507,896.4,'C',1884.6,NULL)
INSERT INTO [dbo].[TradeBlotter] VALUES (20230925,'M00118','MOG','Sold',2691,'DV',20260702,1318.6,'C',1041,NULL)
INSERT INTO [dbo].[TradeBlotter] VALUES (20231212,'M00109','ROCKVILLE CAPITAL','Sold',862,'OMF',20240809,1952,'C',1262,NULL)
INSERT INTO [dbo].[TradeBlotter] VALUES (20231208,'M00123','PKE','Bot',2302,'TCOM',20231229,1004,'C',994.4,NULL)
INSERT INTO [dbo].[TradeBlotter] VALUES (20231211,'M00105','PICTON MAHONEY','Bot',2994,'BLDR',20260801,1401.2,'C',1500,NULL)
INSERT INTO [dbo].[TradeBlotter] VALUES (20231027,'M00111','NOMURA LONDON','Sold',733,'PLUG',20241202,1952,'C',1722.4,NULL)
INSERT INTO [dbo].[TradeBlotter] VALUES (20231023,'M00117','BLENHEIM CAPITAL','Sold',1449,'SOXL',20240806,1894.4,'C',937.6,NULL)
INSERT INTO [dbo].[TradeBlotter] VALUES (20231002,'M00126','CARLSON CAPITAL','Bot',1489,'MHTX',20251102,1241.8,'P',960,NULL)
INSERT INTO [dbo].[TradeBlotter] VALUES (20231216,'M00109','ROCKVILLE CAPITAL','Bot',937,'LAZ',20251115,91,'C',671.6,NULL)
INSERT INTO [dbo].[TradeBlotter] VALUES (20231026,'M00128','PARALLAX','Bot',2425,'AMAT',20250308,1756.8,'P',178,NULL)
INSERT INTO [dbo].[TradeBlotter] VALUES (20230923,'M00116','WELLS CAPITAL MG MT','Sold',126,'FSLY',20241016,1839.2,'P',177.6,NULL)
INSERT INTO [dbo].[TradeBlotter] VALUES (20231105,'M00127','CAMBIAR INVESTORS','Sold',2733,'SPR',20260422,1013.6,'C',1288.2,NULL)
INSERT INTO [dbo].[TradeBlotter] VALUES (20231115,'M00104','COATUE','Bot',2276,'PXD',20241021,374.2,'C',427.4,NULL)
INSERT INTO [dbo].[TradeBlotter] VALUES (20231029,'M00106','USAA','Sold',226,'MGM',20240318,895.2,'P',728.6,NULL)
INSERT INTO [dbo].[TradeBlotter] VALUES (20231106,'M00128','PARALLAX','Sold',2924,'MNTS',20240703,1293.2,'P',1467.4,NULL)
INSERT INTO [dbo].[TradeBlotter] VALUES (20231008,'M00104','COATUE','Bot',2072,'PARA',20260830,733.6,'C',64.8,NULL)
INSERT INTO [dbo].[TradeBlotter] VALUES (20230928,'M00120','TWO SIGMA INVESTMENTS LLC','Sold',956,'GH',20240202,1420.6,'C',1333.4,NULL)
INSERT INTO [dbo].[TradeBlotter] VALUES (20231013,'M00122','SOUTH FERRY','Sold',1138,'IWM',20241007,474.4,'C',1195.6,NULL)
INSERT INTO [dbo].[TradeBlotter] VALUES (20231213,'M00128','PARALLAX','Sold',2477,'FSLY',20241113,1475.2,'C',1213.6,NULL)
INSERT INTO [dbo].[TradeBlotter] VALUES (20230919,'M00125','RONIN','Sold',2168,'VMW',20250629,1351.4,'C',1734,NULL)
INSERT INTO [dbo].[TradeBlotter] VALUES (20231125,'M00115','SILVER POINT','Bot',2530,'MNTS',20260625,306.8,'P',768,NULL)
INSERT INTO [dbo].[TradeBlotter] VALUES (20231217,'M00107','WELLS FARGO','Bot',2550,'JPM',20250304,463.6,'C',1805.4,NULL)
INSERT INTO [dbo].[TradeBlotter] VALUES (20230915,'M00127','CAMBIAR INVESTORS','Bot',45,'PXD',20260901,1738.6,'P',825.8,NULL)
INSERT INTO [dbo].[TradeBlotter] VALUES (20231127,'M00120','TWO SIGMA INVESTMENTS LLC','Sold',2747,'PARA',20240504,1872.8,'C',293.2,NULL)
INSERT INTO [dbo].[TradeBlotter] VALUES (20231217,'M00120','TWO SIGMA INVESTMENTS LLC','Bot',274,'FLH',20260513,1099.2,'P',1321.2,NULL)
INSERT INTO [dbo].[TradeBlotter] VALUES (20231114,'M00102','ODEY ASSET MGMT','Bot',1168,'AZN',20260518,90.6,'P',1398.8,NULL)
INSERT INTO [dbo].[TradeBlotter] VALUES (20231110,'M00127','CAMBIAR INVESTORS','Bot',651,'NOC',20240520,1197,'C',1312.6,NULL)
INSERT INTO [dbo].[TradeBlotter] VALUES (20231207,'M00128','PARALLAX','Bot',42,'XEL',20260127,470.2,'P',1551.6,NULL)
INSERT INTO [dbo].[TradeBlotter] VALUES (20231211,'M00113','MARINER','Bot',1747,'VALE',20260817,211.2,'P',145.2,NULL)
INSERT INTO [dbo].[TradeBlotter] VALUES (20231031,'M00117','BLENHEIM CAPITAL','Sold',692,'FSLY',20241011,1193.4,'C',819.6,NULL)
INSERT INTO [dbo].[TradeBlotter] VALUES (20230930,'M00120','TWO SIGMA INVESTMENTS LLC','Sold',2826,'XEL',20250301,192.2,'C',506.2,NULL)
INSERT INTO [dbo].[TradeBlotter] VALUES (20230914,'M00128','PARALLAX','Bot',1964,'INSP',20250106,58,'P',1811.2,NULL)
INSERT INTO [dbo].[TradeBlotter] VALUES (20231026,'M00127','CAMBIAR INVESTORS','Sold',1604,'OSTK',20260704,615.6,'C',1930.4,NULL)
INSERT INTO [dbo].[TradeBlotter] VALUES (20231019,'M00102','ODEY ASSET MGMT','Bot',794,'VALE',20251231,535.8,'P',1329.6,NULL)
INSERT INTO [dbo].[TradeBlotter] VALUES (20231003,'M00101','NORTH FOUFITH ASSET MANAGEMENT LP','Sold',2768,'NOC',20250701,1449.8,'P',1481.8,NULL)
INSERT INTO [dbo].[TradeBlotter] VALUES (20230918,'M00100','BAM','Bot',1132,'BABA',20250401,1805.6,'P',1966,NULL)
INSERT INTO [dbo].[TradeBlotter] VALUES (20231102,'M00106','USAA','Sold',2861,'VLY',20260109,482.4,'P',321.6,NULL)
INSERT INTO [dbo].[TradeBlotter] VALUES (20231029,'M00105','PICTON MAHONEY','Bot',2631,'XYL',20240209,500.8,'C',905.2,NULL)
INSERT INTO [dbo].[TradeBlotter] VALUES (20231202,'M00123','PKE','Sold',879,'HOUR',20250615,935.4,'C',902.4,NULL)
INSERT INTO [dbo].[TradeBlotter] VALUES (20230926,'M00123','PKE','Bot',1848,'CAT',20250416,1319.8,'C',1227.2,NULL)
INSERT INTO [dbo].[TradeBlotter] VALUES (20231110,'M00120','TWO SIGMA INVESTMENTS LLC','Bot',2338,'VHT',20250922,1436.2,'C',496.8,NULL)
INSERT INTO [dbo].[TradeBlotter] VALUES (20231112,'M00108','NOMURA FLOW JAPAN','Bot',2202,'BKR',20250130,541.4,'C',502,NULL)
INSERT INTO [dbo].[TradeBlotter] VALUES (20230925,'M00121','J GOLDMAN & CO LP','Sold',2532,'K',20250831,1699.6,'P',1291,NULL)
INSERT INTO [dbo].[TradeBlotter] VALUES (20230930,'M00108','NOMURA FLOW JAPAN','Sold',834,'AAL',20240507,217.4,'C',743.2,NULL)
INSERT INTO [dbo].[TradeBlotter] VALUES (20231014,'M00105','PICTON MAHONEY','Sold',872,'VMW',20250607,1546.6,'C',1730.2,NULL)
INSERT INTO [dbo].[TradeBlotter] VALUES (20231021,'M00110','JPM','Sold',103,'UNH',20250704,203,'P',732.8,NULL)
INSERT INTO [dbo].[TradeBlotter] VALUES (20231103,'M00108','NOMURA FLOW JAPAN','Bot',1964,'IGT',20250416,162,'P',22.2,NULL)
INSERT INTO [dbo].[TradeBlotter] VALUES (20231113,'M00115','SILVER POINT','Bot',1165,'JPM',20250214,395.4,'P',930,NULL)
INSERT INTO [dbo].[TradeBlotter] VALUES (20230929,'M00100','BAM','Bot',2778,'TLT',20240508,33.4,'P',971.2,NULL)
INSERT INTO [dbo].[TradeBlotter] VALUES (20231007,'M00122','SOUTH FERRY','Bot',1957,'INSP',20240721,1975.4,'C',1697,NULL)
INSERT INTO [dbo].[TradeBlotter] VALUES (20231216,'M00110','JPM','Bot',325,'COP',20250721,163.6,'C',427.8,NULL)
INSERT INTO [dbo].[TradeBlotter] VALUES (20231212,'M00123','PKE','Bot',555,'AAPL',20260626,450,'P',543,NULL)
INSERT INTO [dbo].[TradeBlotter] VALUES (20231201,'M00125','RONIN','Sold',307,'CAT',20240414,949.2,'P',1527.8,NULL)
INSERT INTO [dbo].[TradeBlotter] VALUES (20230925,'M00121','J GOLDMAN & CO LP','Sold',119,'NVO',20240626,746.8,'P',435.4,NULL)
INSERT INTO [dbo].[TradeBlotter] VALUES (20230916,'M00126','CARLSON CAPITAL','Bot',2181,'NNAC',20240518,1784.8,'C',934.6,NULL)
INSERT INTO [dbo].[TradeBlotter] VALUES (20231009,'M00122','SOUTH FERRY','Sold',1611,'NNAC',20250411,151.8,'P',242.4,NULL)
INSERT INTO [dbo].[TradeBlotter] VALUES (20230924,'M00101','NORTH FOUFITH ASSET MANAGEMENT LP','Bot',2748,'HLL',20240629,616.4,'P',1556.8,NULL)
INSERT INTO [dbo].[TradeBlotter] VALUES (20231124,'M00111','NOMURA LONDON','Sold',1336,'LLY',20250517,627,'C',1945.2,NULL)
INSERT INTO [dbo].[TradeBlotter] VALUES (20231006,'M00118','MOG','Bot',2293,'TLT',20250131,963,'C',1267.8,NULL)
INSERT INTO [dbo].[TradeBlotter] VALUES (20230914,'M00112','CSAM LAB','Sold',2909,'HLL',20240724,666.4,'P',1765.6,NULL)
INSERT INTO [dbo].[TradeBlotter] VALUES (20231206,'M00103','UCM PARTNERS','Bot',2408,'COP',20260907,270.8,'C',669.6,NULL)
INSERT INTO [dbo].[TradeBlotter] VALUES (20231023,'M00103','UCM PARTNERS','Sold',611,'MNTS',20250613,732.2,'C',1391.8,NULL)
INSERT INTO [dbo].[TradeBlotter] VALUES (20231124,'M00128','PARALLAX','Sold',805,'WM',20240606,1363.6,'C',114.8,NULL)
INSERT INTO [dbo].[TradeBlotter] VALUES (20231105,'M00125','RONIN','Sold',2336,'PARA',20250914,579.2,'C',526.8,NULL)
INSERT INTO [dbo].[TradeBlotter] VALUES (20231214,'M00116','WELLS CAPITAL MG MT','Sold',597,'DDD',20250221,878.4,'C',1241.6,NULL)
INSERT INTO [dbo].[TradeBlotter] VALUES (20231111,'M00126','CARLSON CAPITAL','Bot',849,'COTY',20260701,1819.8,'C',1829.8,NULL)
INSERT INTO [dbo].[TradeBlotter] VALUES (20231012,'M00125','RONIN','Bot',763,'VLY',20260709,89.2,'C',1699.8,NULL)
INSERT INTO [dbo].[TradeBlotter] VALUES (20230914,'M00118','MOG','Sold',237,'J',20240606,946.6,'C',1788.8,NULL)
INSERT INTO [dbo].[TradeBlotter] VALUES (20230920,'M00103','UCM PARTNERS','Bot',128,'MTB',20241216,1984.2,'C',1581.2,NULL)
INSERT INTO [dbo].[TradeBlotter] VALUES (20231011,'M00114','LEVEL GLOBAL','Bot',2099,'LLY',20250515,1418.2,'P',1265.6,NULL)
INSERT INTO [dbo].[TradeBlotter] VALUES (20230929,'M00116','WELLS CAPITAL MG MT','Bot',1428,'MNTS',20241209,387.6,'C',329.6,NULL)
INSERT INTO [dbo].[TradeBlotter] VALUES (20230912,'M00100','BAM','Bot',2675,'UN',20240426,1870,'C',26.8,NULL)
INSERT INTO [dbo].[TradeBlotter] VALUES (20231209,'M00117','BLENHEIM CAPITAL','Bot',1910,'NNAC',20260102,1186.8,'P',256.8,NULL)
INSERT INTO [dbo].[TradeBlotter] VALUES (20231124,'M00120','TWO SIGMA INVESTMENTS LLC','Sold',2109,'GH',20260129,621.8,'P',298.6,NULL)
INSERT INTO [dbo].[TradeBlotter] VALUES (20230921,'M00115','SILVER POINT','Sold',1061,'XP',20260202,621.4,'C',545.2,NULL)
INSERT INTO [dbo].[TradeBlotter] VALUES (20231022,'M00105','PICTON MAHONEY','Sold',966,'PFQ',20250309,1133,'C',262.4,NULL)
INSERT INTO [dbo].[TradeBlotter] VALUES (20231028,'M00128','PARALLAX','Sold',112,'HADI',20250830,1324,'C',930.4,NULL)
INSERT INTO [dbo].[TradeBlotter] VALUES (20230926,'M00108','NOMURA FLOW JAPAN','Sold',1846,'HOU',20241014,1487.6,'C',1373.4,NULL)
INSERT INTO [dbo].[TradeBlotter] VALUES (20230924,'M00112','CSAM LAB','Sold',2215,'ETN',20250721,885.2,'P',841.4,NULL)
INSERT INTO [dbo].[TradeBlotter] VALUES (20231115,'M00106','USAA','Sold',2105,'WDC',20260811,439,'P',709,NULL)
INSERT INTO [dbo].[TradeBlotter] VALUES (20231025,'M00124','FORE RESEARCH','Bot',608,'WM',20250523,638.8,'P',250,NULL)
INSERT INTO [dbo].[TradeBlotter] VALUES (20231022,'M00112','CSAM LAB','Sold',1433,'SPX',20260505,905.8,'C',686,NULL)
INSERT INTO [dbo].[TradeBlotter] VALUES (20230929,'M00101','NORTH FOUFITH ASSET MANAGEMENT LP','Bot',1152,'AMBA',20260910,536.2,'P',290.8,NULL)
INSERT INTO [dbo].[TradeBlotter] VALUES (20231108,'M00110','JPM','Bot',1806,'XP',20260809,1788.6,'C',819.6,NULL)
INSERT INTO [dbo].[TradeBlotter] VALUES (20231209,'M00102','ODEY ASSET MGMT','Bot',2425,'TCOM',20260711,1198.8,'P',91.8,NULL)
INSERT INTO [dbo].[TradeBlotter] VALUES (20230922,'M00117','BLENHEIM CAPITAL','Sold',2598,'SHW',20260329,1451.6,'P',1945.6,NULL)
INSERT INTO [dbo].[TradeBlotter] VALUES (20231021,'M00109','ROCKVILLE CAPITAL','Bot',2939,'BCYC',20240302,1594,'P',1507.2,NULL)
INSERT INTO [dbo].[TradeBlotter] VALUES (20231123,'M00125','RONIN','Sold',1908,'PARA',20240310,1224.6,'P',348.4,NULL)
INSERT INTO [dbo].[TradeBlotter] VALUES (20230922,'M00125','RONIN','Bot',1285,'IFW',20240429,985.8,'P',1969.6,NULL)
INSERT INTO [dbo].[TradeBlotter] VALUES (20231014,'M00104','COATUE','Sold',2077,'BKR',20241108,768.6,'C',1812,NULL)
INSERT INTO [dbo].[TradeBlotter] VALUES (20231017,'M00113','MARINER','Bot',1271,'VMW',20250614,1171.2,'C',7.4,NULL)
INSERT INTO [dbo].[TradeBlotter] VALUES (20231218,'M00121','J GOLDMAN & CO LP','Bot',2666,'COTY',20250902,213.4,'P',1911,NULL)
INSERT INTO [dbo].[TradeBlotter] VALUES (20231111,'M00104','COATUE','Bot',522,'FSLY',20240606,1857.2,'P',1164.6,NULL)
INSERT INTO [dbo].[TradeBlotter] VALUES (20231023,'M00113','MARINER','Sold',92,'WDC',20250622,674.6,'C',87.2,NULL)
INSERT INTO [dbo].[TradeBlotter] VALUES (20231020,'M00108','NOMURA FLOW JAPAN','Bot',283,'ELAN',20250501,281,'C',1360.2,NULL)
INSERT INTO [dbo].[TradeBlotter] VALUES (20231020,'M00119','SOPRANO','Bot',532,'ADSK',20260705,815.6,'C',1463,NULL)
INSERT INTO [dbo].[TradeBlotter] VALUES (20231102,'M00124','FORE RESEARCH','Sold',372,'COW',20260505,1830.6,'P',1455.2,NULL)
INSERT INTO [dbo].[TradeBlotter] VALUES (20230910,'M00101','NORTH FOUFITH ASSET MANAGEMENT LP','Sold',538,'DDD',20250819,1049.2,'C',677.6,NULL)
INSERT INTO [dbo].[TradeBlotter] VALUES (20231207,'M00115','SILVER POINT','Bot',530,'XYL',20240501,1006.8,'C',283.2,NULL)
INSERT INTO [dbo].[TradeBlotter] VALUES (20231009,'M00111','NOMURA LONDON','Sold',2265,'LAZ',20240708,17.6,'P',1788.2,NULL)
INSERT INTO [dbo].[TradeBlotter] VALUES (20231116,'M00120','TWO SIGMA INVESTMENTS LLC','Bot',1754,'SOXL',20260527,348.6,'C',1672,NULL)
INSERT INTO [dbo].[TradeBlotter] VALUES (20231118,'M00125','RONIN','Bot',653,'IR',20260815,1150.2,'P',853.8,NULL)
INSERT INTO [dbo].[TradeBlotter] VALUES (20230917,'M00126','CARLSON CAPITAL','Bot',437,'WDC',20260126,106,'P',1678.6,NULL)
INSERT INTO [dbo].[TradeBlotter] VALUES (20231213,'M00105','PICTON MAHONEY','Sold',1581,'BKR',20240316,1934.8,'P',1157.6,NULL)
INSERT INTO [dbo].[TradeBlotter] VALUES (20231109,'M00109','ROCKVILLE CAPITAL','Bot',2583,'WDC',20241028,631.6,'C',810.6,NULL)
INSERT INTO [dbo].[TradeBlotter] VALUES (20231003,'M00106','USAA','Sold',267,'MTB',20250707,971.8,'C',1529.6,NULL)
INSERT INTO [dbo].[TradeBlotter] VALUES (20230922,'M00114','LEVEL GLOBAL','Sold',131,'THV',20240523,929.4,'C',448.2,NULL)
INSERT INTO [dbo].[TradeBlotter] VALUES (20231028,'M00111','NOMURA LONDON','Bot',888,'BLDR',20260301,867.6,'P',282.4,NULL)
INSERT INTO [dbo].[TradeBlotter] VALUES (20231025,'M00109','ROCKVILLE CAPITAL','Bot',2469,'CAT',20250316,1792.2,'P',1842.6,NULL)
INSERT INTO [dbo].[TradeBlotter] VALUES (20231022,'M00101','NORTH FOUFITH ASSET MANAGEMENT LP','Bot',2122,'HOUS',20250930,542.2,'P',1658.2,NULL)
INSERT INTO [dbo].[TradeBlotter] VALUES (20231008,'M00116','WELLS CAPITAL MG MT','Sold',734,'UN',20260124,1445.4,'P',738.2,NULL)
INSERT INTO [dbo].[TradeBlotter] VALUES (20231024,'M00118','MOG','Bot',918,'AZEK',20251007,1152.4,'P',735.8,NULL)
INSERT INTO [dbo].[TradeBlotter] VALUES (20231128,'M00119','SOPRANO','Bot',2989,'TTD',20250420,1018.8,'C',1032,NULL)
INSERT INTO [dbo].[TradeBlotter] VALUES (20231024,'M00105','PICTON MAHONEY','Sold',2106,'DDD',20240911,1653.4,'P',862.4,NULL)
INSERT INTO [dbo].[TradeBlotter] VALUES (20230928,'M00119','SOPRANO','Sold',723,'AMAT',20240614,1600,'P',1623.2,NULL)
INSERT INTO [dbo].[TradeBlotter] VALUES (20231028,'M00115','SILVER POINT','Sold',2057,'THV',20240321,495.6,'C',399.8,NULL)
INSERT INTO [dbo].[TradeBlotter] VALUES (20231130,'M00115','SILVER POINT','Bot',2002,'CAT',20240615,1359.6,'P',245.6,NULL)
INSERT INTO [dbo].[TradeBlotter] VALUES (20231103,'M00117','BLENHEIM CAPITAL','Bot',1019,'PHH',20240710,999.6,'C',371.6,NULL)
INSERT INTO [dbo].[TradeBlotter] VALUES (20231012,'M00127','CAMBIAR INVESTORS','Bot',327,'LLY',20250809,1518.8,'C',472.2,NULL)
INSERT INTO [dbo].[TradeBlotter] VALUES (20231205,'M00105','PICTON MAHONEY','Bot',2629,'IWM',20251002,971,'C',806,NULL)
INSERT INTO [dbo].[TradeBlotter] VALUES (20231012,'M00115','SILVER POINT','Bot',2942,'PLUG',20240902,105.2,'P',973.4,NULL)
INSERT INTO [dbo].[TradeBlotter] VALUES (20231217,'M00119','SOPRANO','Sold',1750,'DDD',20260617,497.8,'C',389,NULL)
INSERT INTO [dbo].[TradeBlotter] VALUES (20231129,'M00125','RONIN','Bot',1396,'VHT',20250608,1418,'C',1085,NULL)
INSERT INTO [dbo].[TradeBlotter] VALUES (20231211,'M00101','NORTH FOUFITH ASSET MANAGEMENT LP','Bot',1632,'OMF',20240504,106.6,'P',1410.4,NULL)
INSERT INTO [dbo].[TradeBlotter] VALUES (20231212,'M00122','SOUTH FERRY','Sold',2608,'VMW',20250305,1761.4,'C',358.2,NULL)
INSERT INTO [dbo].[TradeBlotter] VALUES (20231022,'M00119','SOPRANO','Bot',2076,'T',20240729,883.6,'P',1144,NULL)
INSERT INTO [dbo].[TradeBlotter] VALUES (20231012,'M00104','COATUE','Bot',865,'VHT',20251206,386.6,'C',1225.8,NULL)
INSERT INTO [dbo].[TradeBlotter] VALUES (20231213,'M00124','FORE RESEARCH','Bot',307,'IFW',20240206,967.2,'C',1881,NULL)
INSERT INTO [dbo].[TradeBlotter] VALUES (20231120,'M00116','WELLS CAPITAL MG MT','Bot',2011,'PHH',20260615,1132,'P',1009,NULL)
INSERT INTO [dbo].[TradeBlotter] VALUES (20230924,'M00125','RONIN','Sold',2957,'COTY',20240117,39.4,'C',1641,NULL)
INSERT INTO [dbo].[TradeBlotter] VALUES (20231213,'M00106','USAA','Bot',2616,'SPX',20260106,674,'P',648.6,NULL)
INSERT INTO [dbo].[TradeBlotter] VALUES (20231119,'M00104','COATUE','Sold',65,'SMO',20250426,905.8,'P',1792,NULL)
INSERT INTO [dbo].[TradeBlotter] VALUES (20230922,'M00115','SILVER POINT','Sold',659,'OMF',20240112,1574.8,'P',1595,NULL)
INSERT INTO [dbo].[TradeBlotter] VALUES (20231029,'M00117','BLENHEIM CAPITAL','Sold',46,'SPR',20240409,1611.4,'P',647.6,NULL)
INSERT INTO [dbo].[TradeBlotter] VALUES (20231209,'M00125','RONIN','Bot',2454,'MNTS',20240506,36.2,'C',187.2,NULL)
INSERT INTO [dbo].[TradeBlotter] VALUES (20230915,'M00125','RONIN','Sold',1506,'AHHY',20251202,591.4,'C',822,NULL)
INSERT INTO [dbo].[TradeBlotter] VALUES (20231025,'M00115','SILVER POINT','Sold',469,'TLT',20240909,1568.8,'P',1557.6,NULL)
INSERT INTO [dbo].[TradeBlotter] VALUES (20231116,'M00100','BAM','Bot',769,'ELAN',20240124,1025.2,'P',1842.6,NULL)
INSERT INTO [dbo].[TradeBlotter] VALUES (20231118,'M00109','ROCKVILLE CAPITAL','Sold',2619,'ETN',20240720,772,'P',973.2,NULL)
INSERT INTO [dbo].[TradeBlotter] VALUES (20231115,'M00126','CARLSON CAPITAL','Bot',136,'SHEL',20260217,488.8,'C',618,NULL)
INSERT INTO [dbo].[TradeBlotter] VALUES (20231024,'M00105','PICTON MAHONEY','Sold',1304,'MHTX',20241106,1829.6,'C',927.4,NULL)
INSERT INTO [dbo].[TradeBlotter] VALUES (20230920,'M00100','BAM','Sold',1317,'VMW',20260622,1982.8,'P',1138.8,NULL)
INSERT INTO [dbo].[TradeBlotter] VALUES (20231126,'M00112','CSAM LAB','Sold',834,'ARCC',20240927,1572.6,'P',334.6,NULL)
INSERT INTO [dbo].[TradeBlotter] VALUES (20231129,'M00114','LEVEL GLOBAL','Sold',1941,'IGT',20240110,856.2,'C',1430,NULL)
INSERT INTO [dbo].[TradeBlotter] VALUES (20230916,'M00101','NORTH FOUFITH ASSET MANAGEMENT LP','Bot',2152,'BLDR',20260416,8,'P',913,NULL)
INSERT INTO [dbo].[TradeBlotter] VALUES (20231217,'M00112','CSAM LAB','Bot',967,'VALE',20240214,1002,'C',1201,NULL)
INSERT INTO [dbo].[TradeBlotter] VALUES (20231130,'M00113','MARINER','Sold',2874,'PLUG',20250801,1526.6,'P',1770.2,NULL)
INSERT INTO [dbo].[TradeBlotter] VALUES (20231129,'M00106','USAA','Bot',1584,'FSLY',20240204,32,'C',662.8,NULL)
INSERT INTO [dbo].[TradeBlotter] VALUES (20231016,'M00106','USAA','Bot',181,'XP',20250922,1657.2,'C',729.4,NULL)
INSERT INTO [dbo].[TradeBlotter] VALUES (20230919,'M00104','COATUE','Sold',534,'HOUR',20251130,277.4,'P',1795.4,NULL)
INSERT INTO [dbo].[TradeBlotter] VALUES (20231023,'M00107','WELLS FARGO','Sold',1292,'PHH',20260130,958.6,'C',269.2,NULL)
INSERT INTO [dbo].[TradeBlotter] VALUES (20230929,'M00103','UCM PARTNERS','Bot',1166,'HOUR',20250429,1820.2,'P',402.2,NULL)
INSERT INTO [dbo].[TradeBlotter] VALUES (20231024,'M00103','UCM PARTNERS','Bot',2285,'ADSK',20260908,1317.6,'P',953,NULL)
INSERT INTO [dbo].[TradeBlotter] VALUES (20230911,'M00115','SILVER POINT','Sold',170,'FSLY',20240606,1376.2,'P',702.6,NULL)
INSERT INTO [dbo].[TradeBlotter] VALUES (20231031,'M00118','MOG','Bot',2210,'ZTO',20241130,585.8,'C',1471.8,NULL)
INSERT INTO [dbo].[TradeBlotter] VALUES (20231019,'M00112','CSAM LAB','Bot',445,'SU3',20251203,657.4,'C',307.2,NULL)
INSERT INTO [dbo].[TradeBlotter] VALUES (20231105,'M00114','LEVEL GLOBAL','Sold',2807,'OSTK',20250804,1115.8,'P',1323.2,NULL)
INSERT INTO [dbo].[TradeBlotter] VALUES (20230925,'M00103','UCM PARTNERS','Sold',364,'PHH',20241125,704.6,'P',1165,NULL)
INSERT INTO [dbo].[TradeBlotter] VALUES (20231030,'M00114','LEVEL GLOBAL','Bot',218,'XRX',20240605,523.6,'C',77.2,NULL)
INSERT INTO [dbo].[TradeBlotter] VALUES (20230926,'M00106','USAA','Bot',1674,'LAZ',20260420,917.2,'C',1132.4,NULL)
INSERT INTO [dbo].[TradeBlotter] VALUES (20231016,'M00105','PICTON MAHONEY','Bot',2211,'XRX',20260707,1990.2,'P',520.8,NULL)
INSERT INTO [dbo].[TradeBlotter] VALUES (20231013,'M00113','MARINER','Bot',77,'PFQ',20240907,1508.8,'C',1643.4,NULL)
INSERT INTO [dbo].[TradeBlotter] VALUES (20231028,'M00115','SILVER POINT','Bot',2967,'XEL',20250302,1441,'P',605.8,NULL)
INSERT INTO [dbo].[TradeBlotter] VALUES (20230926,'M00123','PKE','Sold',1599,'GPN',20240810,1466,'P',250,NULL)
INSERT INTO [dbo].[TradeBlotter] VALUES (20231012,'M00107','WELLS FARGO','Bot',1489,'PLUG',20250105,1760.2,'C',1129.4,NULL)
INSERT INTO [dbo].[TradeBlotter] VALUES (20231114,'M00112','CSAM LAB','Bot',355,'SPR',20241107,1627.2,'P',1702.6,NULL)
INSERT INTO [dbo].[TradeBlotter] VALUES (20231123,'M00123','PKE','Sold',979,'UNH',20260613,1381.2,'C',792.4,NULL)
INSERT INTO [dbo].[TradeBlotter] VALUES (20231101,'M00128','PARALLAX','Bot',1985,'J',20260216,223.2,'P',371.6,NULL)
INSERT INTO [dbo].[TradeBlotter] VALUES (20230927,'M00118','MOG','Sold',274,'MTB',20241214,38.2,'C',43.6,NULL)
INSERT INTO [dbo].[TradeBlotter] VALUES (20231128,'M00126','CARLSON CAPITAL','Sold',2792,'LAZ',20240229,432,'C',909.2,NULL)
INSERT INTO [dbo].[TradeBlotter] VALUES (20231025,'M00108','NOMURA FLOW JAPAN','Bot',1887,'MAT',20240815,1999.4,'P',359.4,NULL)
INSERT INTO [dbo].[TradeBlotter] VALUES (20231016,'M00106','USAA','Sold',182,'PARA',20260504,1306,'C',1710.8,NULL)
INSERT INTO [dbo].[TradeBlotter] VALUES (20231116,'M00109','ROCKVILLE CAPITAL','Sold',2349,'TTD',20260727,768,'P',1965.2,NULL)
INSERT INTO [dbo].[TradeBlotter] VALUES (20230927,'M00125','RONIN','Bot',2664,'SU3',20250626,951.4,'P',1732.6,NULL)
INSERT INTO [dbo].[TradeBlotter] VALUES (20230917,'M00126','CARLSON CAPITAL','Sold',987,'VALE',20240718,1843.4,'P',1418.6,NULL)
INSERT INTO [dbo].[TradeBlotter] VALUES (20231209,'M00111','NOMURA LONDON','Sold',1245,'SMO',20251208,541.4,'P',80.4,NULL)
INSERT INTO [dbo].[TradeBlotter] VALUES (20231015,'M00107','WELLS FARGO','Bot',556,'ARCC',20250914,343,'C',755.4,NULL)
INSERT INTO [dbo].[TradeBlotter] VALUES (20231113,'M00102','ODEY ASSET MGMT','Bot',2690,'SHEL',20241224,964.4,'P',797.6,NULL)
INSERT INTO [dbo].[TradeBlotter] VALUES (20231125,'M00116','WELLS CAPITAL MG MT','Sold',1525,'AZEK',20250809,1011,'C',525.2,NULL)
INSERT INTO [dbo].[TradeBlotter] VALUES (20231128,'M00125','RONIN','Bot',810,'CMS',20251125,1794.4,'C',1247,NULL)
INSERT INTO [dbo].[TradeBlotter] VALUES (20231007,'M00101','NORTH FOUFITH ASSET MANAGEMENT LP','Bot',1182,'MTB',20250415,876.4,'C',1257.2,NULL)
INSERT INTO [dbo].[TradeBlotter] VALUES (20231029,'M00100','BAM','Bot',1847,'MHTX',20240218,1777.4,'P',308.6,NULL)
INSERT INTO [dbo].[TradeBlotter] VALUES (20231128,'M00113','MARINER','Bot',2496,'BKR',20260430,703.8,'P',1900.4,NULL)
INSERT INTO [dbo].[TradeBlotter] VALUES (20231215,'M00100','BAM','Sold',58,'WM',20240409,58.8,'P',141.6,NULL)
INSERT INTO [dbo].[TradeBlotter] VALUES (20231218,'M00101','NORTH FOUFITH ASSET MANAGEMENT LP','Sold',1254,'NNAC',20251211,533.2,'C',881.8,NULL)
INSERT INTO [dbo].[TradeBlotter] VALUES (20231016,'M00108','NOMURA FLOW JAPAN','Sold',1702,'RBLX',20251106,1188.4,'P',1166.2,NULL)
INSERT INTO [dbo].[TradeBlotter] VALUES (20231115,'M00115','SILVER POINT','Bot',399,'PHH',20260516,1038.8,'C',832.4,NULL)
INSERT INTO [dbo].[TradeBlotter] VALUES (20230916,'M00121','J GOLDMAN & CO LP','Bot',671,'SHW',20250619,623.4,'P',861,NULL)
INSERT INTO [dbo].[TradeBlotter] VALUES (20231128,'M00107','WELLS FARGO','Bot',1710,'AHHY',20250111,1068.2,'P',1201.8,NULL)
INSERT INTO [dbo].[TradeBlotter] VALUES (20231117,'M00100','BAM','Sold',107,'VMW',20241115,383.4,'C',1118.2,NULL)
INSERT INTO [dbo].[TradeBlotter] VALUES (20231128,'M00107','WELLS FARGO','Bot',1307,'MHTX',20251015,949.2,'C',712.4,NULL)
INSERT INTO [dbo].[TradeBlotter] VALUES (20231210,'M00126','CARLSON CAPITAL','Sold',892,'IFW',20250511,1768.6,'P',640.2,NULL)
INSERT INTO [dbo].[TradeBlotter] VALUES (20231215,'M00124','FORE RESEARCH','Bot',133,'BBBY',20241224,394,'P',695.2,NULL)
INSERT INTO [dbo].[TradeBlotter] VALUES (20231007,'M00123','PKE','Sold',1730,'UNH',20250219,172.4,'P',986.4,NULL)
INSERT INTO [dbo].[TradeBlotter] VALUES (20231121,'M00120','TWO SIGMA INVESTMENTS LLC','Bot',876,'RBLX',20260727,1283.8,'P',59.2,NULL)
INSERT INTO [dbo].[TradeBlotter] VALUES (20230918,'M00111','NOMURA LONDON','Bot',2506,'IOVA',20250320,785,'C',1383.4,NULL)
INSERT INTO [dbo].[TradeBlotter] VALUES (20230923,'M00116','WELLS CAPITAL MG MT','Bot',2517,'UN',20240920,122,'C',438.2,NULL)
INSERT INTO [dbo].[TradeBlotter] VALUES (20230910,'M00123','PKE','Bot',1782,'DE',20260617,1327.2,'P',1397.2,NULL)
INSERT INTO [dbo].[TradeBlotter] VALUES (20231031,'M00107','WELLS FARGO','Bot',1804,'IGT',20250630,1901.6,'P',749.4,NULL)
INSERT INTO [dbo].[TradeBlotter] VALUES (20230924,'M00125','RONIN','Sold',1307,'WM',20250327,1503.8,'C',1126,NULL)
INSERT INTO [dbo].[TradeBlotter] VALUES (20231019,'M00114','LEVEL GLOBAL','Bot',80,'DDD',20240114,1338.8,'C',968.6,NULL)
INSERT INTO [dbo].[TradeBlotter] VALUES (20230923,'M00118','MOG','Sold',843,'PHH',20260408,608.2,'C',1046.8,NULL)
INSERT INTO [dbo].[TradeBlotter] VALUES (20231122,'M00113','MARINER','Sold',825,'COP',20250831,1384.4,'C',1064.6,NULL)
INSERT INTO [dbo].[TradeBlotter] VALUES (20231121,'M00100','BAM','Bot',1069,'SMO',20240109,1249.2,'C',1843.6,NULL)
INSERT INTO [dbo].[TradeBlotter] VALUES (20231129,'M00114','LEVEL GLOBAL','Sold',1647,'ADSK',20231230,1316.2,'P',1683.8,NULL)
INSERT INTO [dbo].[TradeBlotter] VALUES (20231011,'M00124','FORE RESEARCH','Bot',1271,'SOXL',20260717,1660.4,'C',1647.2,NULL)
INSERT INTO [dbo].[TradeBlotter] VALUES (20231209,'M00122','SOUTH FERRY','Sold',2090,'AZN',20260416,43.8,'P',820.8,NULL)
INSERT INTO [dbo].[TradeBlotter] VALUES (20231217,'M00103','UCM PARTNERS','Sold',2152,'UNH',20240217,224.2,'C',1068.2,NULL)
INSERT INTO [dbo].[TradeBlotter] VALUES (20230920,'M00107','WELLS FARGO','Sold',2668,'VHT',20260325,997.2,'P',1266.4,NULL)
INSERT INTO [dbo].[TradeBlotter] VALUES (20231025,'M00128','PARALLAX','Bot',85,'XEL',20260608,1303,'C',848.6,NULL)
INSERT INTO [dbo].[TradeBlotter] VALUES (20231117,'M00126','CARLSON CAPITAL','Bot',1551,'VMW',20260828,153.6,'C',548,NULL)
INSERT INTO [dbo].[TradeBlotter] VALUES (20231025,'M00105','PICTON MAHONEY','Bot',1649,'AMBA',20241208,1912.8,'C',1404,NULL)
INSERT INTO [dbo].[TradeBlotter] VALUES (20231018,'M00110','JPM','Sold',26,'DE',20240623,134.6,'P',1556.6,NULL)
INSERT INTO [dbo].[TradeBlotter] VALUES (20231103,'M00106','USAA','Bot',1304,'SHEL',20240428,497.4,'C',1467,NULL)
INSERT INTO [dbo].[TradeBlotter] VALUES (20231123,'M00116','WELLS CAPITAL MG MT','Bot',949,'T',20251103,310.8,'P',1397.4,NULL)
INSERT INTO [dbo].[TradeBlotter] VALUES (20231107,'M00120','TWO SIGMA INVESTMENTS LLC','Bot',2603,'IWM',20260201,127.2,'C',1903.2,NULL)
INSERT INTO [dbo].[TradeBlotter] VALUES (20230919,'M00124','FORE RESEARCH','Bot',514,'ARCC',20251003,359,'C',1210.8,NULL)
INSERT INTO [dbo].[TradeBlotter] VALUES (20231129,'M00119','SOPRANO','Sold',203,'SMO',20240724,1141.6,'C',203.8,NULL)
INSERT INTO [dbo].[TradeBlotter] VALUES (20231010,'M00114','LEVEL GLOBAL','Bot',1886,'AZEK',20250616,1359.4,'C',1119,NULL)
INSERT INTO [dbo].[TradeBlotter] VALUES (20230928,'M00105','PICTON MAHONEY','Sold',47,'SPX',20250322,541.4,'C',1024.8,NULL)
INSERT INTO [dbo].[TradeBlotter] VALUES (20231107,'M00128','PARALLAX','Bot',2631,'K',20250412,695.6,'C',1439.6,NULL)
INSERT INTO [dbo].[TradeBlotter] VALUES (20230923,'M00111','NOMURA LONDON','Sold',1312,'STEM',20241012,37,'P',580.2,NULL)
INSERT INTO [dbo].[TradeBlotter] VALUES (20231008,'M00118','MOG','Sold',1577,'COTY',20250113,1360.4,'P',1285.2,NULL)
INSERT INTO [dbo].[TradeBlotter] VALUES (20231011,'M00119','SOPRANO','Bot',1422,'THV',20240429,1380.4,'C',1040.4,NULL)
INSERT INTO [dbo].[TradeBlotter] VALUES (20231218,'M00119','SOPRANO','Sold',1559,'SHW',20250520,1420.6,'C',1147.4,NULL)
INSERT INTO [dbo].[TradeBlotter] VALUES (20231107,'M00124','FORE RESEARCH','Bot',1444,'PXD',20251030,1554.6,'P',1994,NULL)
INSERT INTO [dbo].[TradeBlotter] VALUES (20231017,'M00112','CSAM LAB','Bot',2284,'IWM',20240905,326,'C',634.4,NULL)
INSERT INTO [dbo].[TradeBlotter] VALUES (20231117,'M00117','BLENHEIM CAPITAL','Sold',1408,'NOC',20260813,341,'P',843.6,NULL)
INSERT INTO [dbo].[TradeBlotter] VALUES (20231002,'M00124','FORE RESEARCH','Sold',833,'AAL',20240803,149.8,'C',1918.4,NULL)
INSERT INTO [dbo].[TradeBlotter] VALUES (20231122,'M00105','PICTON MAHONEY','Sold',176,'PFQ',20240502,485.8,'P',1722.2,NULL)
INSERT INTO [dbo].[TradeBlotter] VALUES (20231031,'M00101','NORTH FOUFITH ASSET MANAGEMENT LP','Sold',820,'WM',20250115,988.6,'C',1979.4,NULL)
INSERT INTO [dbo].[TradeBlotter] VALUES (20231205,'M00124','FORE RESEARCH','Bot',2201,'UN',20240109,1554.8,'C',1603.4,NULL)
INSERT INTO [dbo].[TradeBlotter] VALUES (20231112,'M00126','CARLSON CAPITAL','Bot',2585,'IFW',20251203,20.2,'C',1487,NULL)
INSERT INTO [dbo].[TradeBlotter] VALUES (20231115,'M00127','CAMBIAR INVESTORS','Sold',1443,'FLH',20240401,1984.4,'C',918.6,NULL)
INSERT INTO [dbo].[TradeBlotter] VALUES (20231031,'M00125','RONIN','Sold',2228,'TSHA',20260730,1783,'P',1628.2,NULL)
INSERT INTO [dbo].[TradeBlotter] VALUES (20230913,'M00118','MOG','Sold',1457,'AZEK',20240626,1551.6,'P',1066.2,NULL)
INSERT INTO [dbo].[TradeBlotter] VALUES (20231215,'M00117','BLENHEIM CAPITAL','Sold',57,'COW',20250622,373.8,'C',519.2,NULL)
INSERT INTO [dbo].[TradeBlotter] VALUES (20231211,'M00107','WELLS FARGO','Sold',305,'DV',20250926,19.8,'C',1241.8,NULL)
INSERT INTO [dbo].[TradeBlotter] VALUES (20230917,'M00122','SOUTH FERRY','Bot',2787,'NVO',20250829,65.4,'C',530.8,NULL)
INSERT INTO [dbo].[TradeBlotter] VALUES (20231021,'M00109','ROCKVILLE CAPITAL','Bot',1629,'FSLY',20251120,1786.6,'P',230,NULL)
INSERT INTO [dbo].[TradeBlotter] VALUES (20231012,'M00123','PKE','Bot',1235,'NVO',20251007,944.8,'P',1947.8,NULL)
INSERT INTO [dbo].[TradeBlotter] VALUES (20231029,'M00124','FORE RESEARCH','Sold',2100,'NVO',20241025,1906.2,'C',113.2,NULL)
INSERT INTO [dbo].[TradeBlotter] VALUES (20231117,'M00121','J GOLDMAN & CO LP','Sold',2056,'SMO',20260821,1339.6,'P',1144.2,NULL)
INSERT INTO [dbo].[TradeBlotter] VALUES (20231117,'M00119','SOPRANO','Bot',2454,'SOXL',20260112,944.2,'C',1186,NULL)
INSERT INTO [dbo].[TradeBlotter] VALUES (20231116,'M00105','PICTON MAHONEY','Bot',1051,'SPX',20240902,44.2,'P',1870.6,NULL)
INSERT INTO [dbo].[TradeBlotter] VALUES (20230922,'M00126','CARLSON CAPITAL','Bot',578,'MHTX',20250325,192,'P',1269.2,NULL)
INSERT INTO [dbo].[TradeBlotter] VALUES (20231130,'M00109','ROCKVILLE CAPITAL','Bot',1877,'MAT',20260603,1041.4,'C',812.8,NULL)
INSERT INTO [dbo].[TradeBlotter] VALUES (20230928,'M00102','ODEY ASSET MGMT','Sold',2036,'XEL',20250303,1403.4,'C',1072.4,NULL)
INSERT INTO [dbo].[TradeBlotter] VALUES (20231121,'M00120','TWO SIGMA INVESTMENTS LLC','Sold',768,'NVO',20240810,1275.6,'C',438.2,NULL)
INSERT INTO [dbo].[TradeBlotter] VALUES (20231016,'M00110','JPM','Sold',568,'OSTK',20250929,813,'C',1836.8,NULL)
INSERT INTO [dbo].[TradeBlotter] VALUES (20231004,'M00106','USAA','Bot',512,'WDC',20250613,846.4,'C',670,NULL)
INSERT INTO [dbo].[TradeBlotter] VALUES (20231218,'M00113','MARINER','Sold',1649,'MGM',20260724,200.6,'P',1508.4,NULL)
INSERT INTO [dbo].[TradeBlotter] VALUES (20231204,'M00103','UCM PARTNERS','Bot',2708,'AAL',20250826,357.6,'P',562,NULL)
INSERT INTO [dbo].[TradeBlotter] VALUES (20231001,'M00108','NOMURA FLOW JAPAN','Sold',2801,'XYL',20260412,1947,'P',1476,NULL)
INSERT INTO [dbo].[TradeBlotter] VALUES (20231013,'M00122','SOUTH FERRY','Bot',2941,'VALE',20250607,1475.8,'P',1620.8,NULL)
INSERT INTO [dbo].[TradeBlotter] VALUES (20231125,'M00102','ODEY ASSET MGMT','Sold',1823,'DV',20240715,678.6,'P',886.6,NULL)
INSERT INTO [dbo].[TradeBlotter] VALUES (20231203,'M00112','CSAM LAB','Bot',2542,'IWM',20250318,1590.4,'P',1662.2,NULL)
INSERT INTO [dbo].[TradeBlotter] VALUES (20231120,'M00114','LEVEL GLOBAL','Bot',1119,'AZEK',20250208,1772,'C',1806.8,NULL)
INSERT INTO [dbo].[TradeBlotter] VALUES (20231109,'M00128','PARALLAX','Bot',2754,'ZTO',20260121,948.6,'C',1229,NULL)
INSERT INTO [dbo].[TradeBlotter] VALUES (20231209,'M00108','NOMURA FLOW JAPAN','Sold',1605,'HOUR',20250809,1917,'P',686,NULL)
INSERT INTO [dbo].[TradeBlotter] VALUES (20231121,'M00116','WELLS CAPITAL MG MT','Bot',1161,'VHT',20250131,565.4,'C',737.2,NULL)
INSERT INTO [dbo].[TradeBlotter] VALUES (20231109,'M00111','NOMURA LONDON','Sold',1547,'ELAN',20240509,1383.8,'P',335.8,NULL)
INSERT INTO [dbo].[TradeBlotter] VALUES (20231106,'M00126','CARLSON CAPITAL','Sold',745,'SPX',20240323,27.6,'P',794,NULL)
INSERT INTO [dbo].[TradeBlotter] VALUES (20230922,'M00116','WELLS CAPITAL MG MT','Sold',773,'ZTO',20260415,1597,'C',1219.6,NULL)
INSERT INTO [dbo].[TradeBlotter] VALUES (20231103,'M00117','BLENHEIM CAPITAL','Bot',1209,'STEM',20250101,540.2,'C',267.6,NULL)
INSERT INTO [dbo].[TradeBlotter] VALUES (20230922,'M00127','CAMBIAR INVESTORS','Sold',568,'COW',20251123,342.6,'P',1425.4,NULL)
INSERT INTO [dbo].[TradeBlotter] VALUES (20231017,'M00101','NORTH FOUFITH ASSET MANAGEMENT LP','Bot',2225,'PLUG',20240102,377.4,'C',877.8,NULL)
INSERT INTO [dbo].[TradeBlotter] VALUES (20231107,'M00107','WELLS FARGO','Bot',2313,'K',20240703,474.4,'P',47.2,NULL)
INSERT INTO [dbo].[TradeBlotter] VALUES (20230915,'M00125','RONIN','Bot',1309,'AZEK',20260424,1082.2,'C',1578.2,NULL)
INSERT INTO [dbo].[TradeBlotter] VALUES (20231014,'M00100','BAM','Sold',1895,'LAZ',20250210,557,'P',1350.6,NULL)
INSERT INTO [dbo].[TradeBlotter] VALUES (20230927,'M00111','NOMURA LONDON','Bot',2971,'SPR',20251125,1229.4,'P',1828.2,NULL)
INSERT INTO [dbo].[TradeBlotter] VALUES (20231105,'M00109','ROCKVILLE CAPITAL','Bot',1229,'HOUS',20251031,1279.4,'C',41,NULL)
INSERT INTO [dbo].[TradeBlotter] VALUES (20231115,'M00102','ODEY ASSET MGMT','Sold',882,'ELAN',20250705,1224.8,'P',140.8,NULL)
INSERT INTO [dbo].[TradeBlotter] VALUES (20231102,'M00121','J GOLDMAN & CO LP','Bot',28,'IGT',20240318,1664.8,'C',1247.2,NULL)
INSERT INTO [dbo].[TradeBlotter] VALUES (20231104,'M00108','NOMURA FLOW JAPAN','Bot',553,'NVO',20241222,1295.2,'P',104.2,NULL)
INSERT INTO [dbo].[TradeBlotter] VALUES (20231215,'M00126','CARLSON CAPITAL','Bot',792,'XYL',20240101,1785.2,'P',1541.8,NULL)
INSERT INTO [dbo].[TradeBlotter] VALUES (20231020,'M00108','NOMURA FLOW JAPAN','Bot',142,'WDC',20260109,1770.2,'C',1765,NULL)
INSERT INTO [dbo].[TradeBlotter] VALUES (20231123,'M00103','UCM PARTNERS','Bot',44,'DV',20260517,552.2,'P',676.8,NULL)
INSERT INTO [dbo].[TradeBlotter] VALUES (20230919,'M00128','PARALLAX','Sold',1880,'IR',20260621,1392.8,'P',320,NULL)
INSERT INTO [dbo].[TradeBlotter] VALUES (20231128,'M00111','NOMURA LONDON','Sold',2983,'RBLX',20250129,632,'C',104.2,NULL)
INSERT INTO [dbo].[TradeBlotter] VALUES (20231119,'M00101','NORTH FOUFITH ASSET MANAGEMENT LP','Bot',1152,'TLT',20241206,857.8,'C',1183,NULL)
INSERT INTO [dbo].[TradeBlotter] VALUES (20231030,'M00115','SILVER POINT','Bot',1023,'IR',20260912,127.4,'C',1934.4,NULL)
INSERT INTO [dbo].[TradeBlotter] VALUES (20231209,'M00121','J GOLDMAN & CO LP','Sold',470,'SMO',20260215,295.8,'P',1467.8,NULL)
INSERT INTO [dbo].[TradeBlotter] VALUES (20231030,'M00114','LEVEL GLOBAL','Bot',2231,'SHEL',20250402,216.2,'P',1047,NULL)
INSERT INTO [dbo].[TradeBlotter] VALUES (20231209,'M00119','SOPRANO','Sold',2620,'TLT',20241203,217.2,'C',1414.4,NULL)
INSERT INTO [dbo].[TradeBlotter] VALUES (20231122,'M00128','PARALLAX','Bot',1875,'BLDR',20241013,864,'C',1740,NULL)
INSERT INTO [dbo].[TradeBlotter] VALUES (20231122,'M00118','MOG','Bot',2141,'IOVA',20240620,1968.4,'C',616.2,NULL)
INSERT INTO [dbo].[TradeBlotter] VALUES (20231005,'M00113','MARINER','Bot',2765,'GPN',20240318,751.6,'C',1738.4,NULL)
INSERT INTO [dbo].[TradeBlotter] VALUES (20230923,'M00124','FORE RESEARCH','Bot',1215,'PLUG',20250511,1082.2,'P',1050.2,NULL)
INSERT INTO [dbo].[TradeBlotter] VALUES (20230926,'M00120','TWO SIGMA INVESTMENTS LLC','Sold',1638,'HOU',20260909,1001.8,'P',812,NULL)
INSERT INTO [dbo].[TradeBlotter] VALUES (20231010,'M00112','CSAM LAB','Bot',1810,'VMW',20260406,577,'P',1407.4,NULL)
INSERT INTO [dbo].[TradeBlotter] VALUES (20231028,'M00118','MOG','Bot',150,'LTHM',20240516,918.6,'P',311.6,NULL)
INSERT INTO [dbo].[TradeBlotter] VALUES (20231208,'M00103','UCM PARTNERS','Sold',1319,'HOUR',20260716,762.2,'C',1295.6,NULL)
INSERT INTO [dbo].[TradeBlotter] VALUES (20231108,'M00105','PICTON MAHONEY','Sold',2725,'LTHM',20250706,1599.8,'P',33.4,NULL)
INSERT INTO [dbo].[TradeBlotter] VALUES (20231212,'M00114','LEVEL GLOBAL','Bot',1790,'XYL',20240720,380.4,'P',893.6,NULL)
INSERT INTO [dbo].[TradeBlotter] VALUES (20230923,'M00103','UCM PARTNERS','Sold',1068,'PARA',20241202,38.6,'P',1909,NULL)
INSERT INTO [dbo].[TradeBlotter] VALUES (20231101,'M00126','CARLSON CAPITAL','Bot',512,'AZEK',20240205,616.2,'P',1209.4,NULL)
INSERT INTO [dbo].[TradeBlotter] VALUES (20231024,'M00109','ROCKVILLE CAPITAL','Bot',718,'IWM',20240121,971.8,'P',483.6,NULL)
INSERT INTO [dbo].[TradeBlotter] VALUES (20230926,'M00104','COATUE','Sold',1793,'SOXL',20260223,344.6,'C',1652.6,NULL)
INSERT INTO [dbo].[TradeBlotter] VALUES (20231028,'M00120','TWO SIGMA INVESTMENTS LLC','Sold',1139,'MNTS',20250910,291.2,'P',422,NULL)
INSERT INTO [dbo].[TradeBlotter] VALUES (20231029,'M00104','COATUE','Sold',2632,'MTB',20241230,1070.2,'C',103.6,NULL)
INSERT INTO [dbo].[TradeBlotter] VALUES (20231117,'M00111','NOMURA LONDON','Sold',1778,'NNAC',20250316,1496.4,'C',1307.6,NULL)
INSERT INTO [dbo].[TradeBlotter] VALUES (20231126,'M00122','SOUTH FERRY','Sold',307,'MHTX',20251227,655.6,'C',1474.8,NULL)
INSERT INTO [dbo].[TradeBlotter] VALUES (20231030,'M00103','UCM PARTNERS','Sold',118,'PHH',20250417,1386.4,'C',1660.4,NULL)
INSERT INTO [dbo].[TradeBlotter] VALUES (20231207,'M00103','UCM PARTNERS','Bot',762,'VALE',20250327,1899.4,'P',645.8,NULL)
INSERT INTO [dbo].[TradeBlotter] VALUES (20231117,'M00126','CARLSON CAPITAL','Bot',264,'VALE',20251118,1195.8,'C',1881.6,NULL)
INSERT INTO [dbo].[TradeBlotter] VALUES (20230924,'M00113','MARINER','Bot',58,'DV',20241016,146,'P',1650.6,NULL)
INSERT INTO [dbo].[TradeBlotter] VALUES (20230920,'M00128','PARALLAX','Sold',2661,'AMAT',20250705,1756.6,'C',1342.4,NULL)
INSERT INTO [dbo].[TradeBlotter] VALUES (20231122,'M00120','TWO SIGMA INVESTMENTS LLC','Bot',2163,'XP',20260814,780.2,'P',781,NULL)
INSERT INTO [dbo].[TradeBlotter] VALUES (20231205,'M00126','CARLSON CAPITAL','Sold',1052,'VLY',20250725,773.6,'C',909.6,NULL)
INSERT INTO [dbo].[TradeBlotter] VALUES (20231122,'M00110','JPM','Bot',2201,'INSP',20240410,660.4,'C',1983.6,NULL)
INSERT INTO [dbo].[TradeBlotter] VALUES (20231011,'M00102','ODEY ASSET MGMT','Bot',1360,'PFQ',20241007,1059.6,'C',1658.6,NULL)
INSERT INTO [dbo].[TradeBlotter] VALUES (20231026,'M00122','SOUTH FERRY','Sold',2755,'COW',20240321,791.8,'P',531.2,NULL)
INSERT INTO [dbo].[TradeBlotter] VALUES (20231103,'M00102','ODEY ASSET MGMT','Bot',2481,'VHT',20260630,1754.4,'P',1648.4,NULL)
INSERT INTO [dbo].[TradeBlotter] VALUES (20231111,'M00100','BAM','Bot',1020,'PARA',20260225,304,'C',849.4,NULL)
INSERT INTO [dbo].[TradeBlotter] VALUES (20231006,'M00107','WELLS FARGO','Sold',529,'GPN',20250501,1717.8,'P',199.4,NULL)
INSERT INTO [dbo].[TradeBlotter] VALUES (20231217,'M00119','SOPRANO','Bot',1946,'AHHY',20240229,952,'P',484.6,NULL)
INSERT INTO [dbo].[TradeBlotter] VALUES (20231025,'M00116','WELLS CAPITAL MG MT','Sold',1448,'T',20240322,354.6,'C',539.6,NULL)
INSERT INTO [dbo].[TradeBlotter] VALUES (20231020,'M00126','CARLSON CAPITAL','Sold',2187,'TCOM',20260828,1742.4,'C',1230.8,NULL)
INSERT INTO [dbo].[TradeBlotter] VALUES (20231215,'M00126','CARLSON CAPITAL','Sold',2355,'CAT',20241130,1511,'P',1594.6,NULL)
INSERT INTO [dbo].[TradeBlotter] VALUES (20231212,'M00103','UCM PARTNERS','Bot',194,'LAZ',20240221,1453.4,'P',1562.2,NULL)
INSERT INTO [dbo].[TradeBlotter] VALUES (20230924,'M00109','ROCKVILLE CAPITAL','Bot',794,'AAP',20250716,1416.8,'C',1890.2,NULL)
INSERT INTO [dbo].[TradeBlotter] VALUES (20231001,'M00102','ODEY ASSET MGMT','Sold',1483,'DXJ',20260309,385.6,'C',655.4,NULL)
INSERT INTO [dbo].[TradeBlotter] VALUES (20230926,'M00103','UCM PARTNERS','Bot',519,'BLDR',20250214,1297.6,'P',1244.8,NULL)
INSERT INTO [dbo].[TradeBlotter] VALUES (20231026,'M00126','CARLSON CAPITAL','Bot',1582,'SHW',20250710,466.6,'C',870.6,NULL)
INSERT INTO [dbo].[TradeBlotter] VALUES (20231104,'M00121','J GOLDMAN & CO LP','Sold',1041,'JPM',20250913,890.8,'C',1381.6,NULL)
INSERT INTO [dbo].[TradeBlotter] VALUES (20230920,'M00104','COATUE','Bot',215,'XP',20240717,1587.2,'C',123.6,NULL)
INSERT INTO [dbo].[TradeBlotter] VALUES (20231117,'M00104','COATUE','Bot',1241,'COTY',20240412,928,'P',141.8,NULL)
INSERT INTO [dbo].[TradeBlotter] VALUES (20231017,'M00119','SOPRANO','Sold',2166,'MHTX',20251002,196.6,'C',485.4,NULL)
INSERT INTO [dbo].[TradeBlotter] VALUES (20231004,'M00114','LEVEL GLOBAL','Bot',2442,'GPN',20240902,417.6,'P',1466.4,NULL)
INSERT INTO [dbo].[TradeBlotter] VALUES (20231116,'M00127','CAMBIAR INVESTORS','Sold',1592,'TTD',20241229,1777.4,'P',1991.2,NULL)
INSERT INTO [dbo].[TradeBlotter] VALUES (20231218,'M00103','UCM PARTNERS','Sold',1693,'ZTO',20250720,927.4,'C',1868,NULL)
INSERT INTO [dbo].[TradeBlotter] VALUES (20231202,'M00111','NOMURA LONDON','Bot',2027,'BLDR',20240218,139.4,'P',717,NULL)
INSERT INTO [dbo].[TradeBlotter] VALUES (20231123,'M00108','NOMURA FLOW JAPAN','Sold',1189,'VALE',20251129,778.2,'P',1949.4,NULL)
INSERT INTO [dbo].[TradeBlotter] VALUES (20231021,'M00127','CAMBIAR INVESTORS','Sold',1911,'OSTK',20250818,1010,'P',20.4,NULL)
INSERT INTO [dbo].[TradeBlotter] VALUES (20231018,'M00121','J GOLDMAN & CO LP','Sold',2609,'AAL',20250616,862.8,'C',1008.4,NULL)
INSERT INTO [dbo].[TradeBlotter] VALUES (20231023,'M00106','USAA','Bot',2328,'LTHM',20260112,1457.8,'P',204.2,NULL)
INSERT INTO [dbo].[TradeBlotter] VALUES (20231028,'M00114','LEVEL GLOBAL','Bot',2976,'FSLY',20241031,1827,'P',784,NULL)
INSERT INTO [dbo].[TradeBlotter] VALUES (20231211,'M00107','WELLS FARGO','Bot',1753,'VALE',20251011,19.4,'P',198.4,NULL)
INSERT INTO [dbo].[TradeBlotter] VALUES (20230924,'M00115','SILVER POINT','Bot',442,'VMW',20250606,324,'P',148.6,NULL)
INSERT INTO [dbo].[TradeBlotter] VALUES (20231113,'M00113','MARINER','Sold',795,'IFW',20240523,282,'C',1267.6,NULL)
INSERT INTO [dbo].[TradeBlotter] VALUES (20230910,'M00103','UCM PARTNERS','Bot',372,'JPM',20260826,279.6,'C',900,NULL)
INSERT INTO [dbo].[TradeBlotter] VALUES (20230929,'M00102','ODEY ASSET MGMT','Bot',428,'J',20241206,1398.6,'C',1848,NULL)
INSERT INTO [dbo].[TradeBlotter] VALUES (20231110,'M00105','PICTON MAHONEY','Bot',889,'T',20241001,700,'C',1625.6,NULL)
INSERT INTO [dbo].[TradeBlotter] VALUES (20231212,'M00112','CSAM LAB','Bot',61,'PHH',20260209,1006.4,'C',1517,NULL)
INSERT INTO [dbo].[TradeBlotter] VALUES (20231211,'M00102','ODEY ASSET MGMT','Bot',2591,'PHH',20260622,485.6,'C',1029.2,NULL)
INSERT INTO [dbo].[TradeBlotter] VALUES (20230930,'M00118','MOG','Bot',1582,'BLDR',20240106,1600.2,'C',559.4,NULL)
INSERT INTO [dbo].[TradeBlotter] VALUES (20231123,'M00114','LEVEL GLOBAL','Bot',2083,'DE',20240920,1076.2,'C',864.2,NULL)
INSERT INTO [dbo].[TradeBlotter] VALUES (20231101,'M00105','PICTON MAHONEY','Bot',815,'IFW',20251121,461.6,'C',1889.4,NULL)
INSERT INTO [dbo].[TradeBlotter] VALUES (20230915,'M00110','JPM','Sold',1928,'PXD',20251020,1031.2,'C',1378.2,NULL)
INSERT INTO [dbo].[TradeBlotter] VALUES (20230912,'M00114','LEVEL GLOBAL','Bot',590,'JPM',20250115,1476.4,'P',662.8,NULL)
INSERT INTO [dbo].[TradeBlotter] VALUES (20231009,'M00113','MARINER','Bot',142,'IFW',20260109,1062,'P',1548.4,NULL)
INSERT INTO [dbo].[TradeBlotter] VALUES (20231008,'M00101','NORTH FOUFITH ASSET MANAGEMENT LP','Bot',1299,'XRX',20240126,1266.8,'C',942.8,NULL)
INSERT INTO [dbo].[TradeBlotter] VALUES (20230927,'M00115','SILVER POINT','Sold',1504,'BCYC',20240818,1019.8,'C',590,NULL)
INSERT INTO [dbo].[TradeBlotter] VALUES (20231016,'M00120','TWO SIGMA INVESTMENTS LLC','Sold',87,'NOC',20250812,1739.8,'C',1120.8,NULL)
INSERT INTO [dbo].[TradeBlotter] VALUES (20231021,'M00123','PKE','Bot',1629,'BCYC',20250405,1978,'P',1581.4,NULL)
INSERT INTO [dbo].[TradeBlotter] VALUES (20231003,'M00105','PICTON MAHONEY','Bot',1673,'PLUG',20260713,1871.4,'C',949.6,NULL)
INSERT INTO [dbo].[TradeBlotter] VALUES (20231205,'M00111','NOMURA LONDON','Sold',2774,'XRX',20260428,840.2,'P',1889.2,NULL)
INSERT INTO [dbo].[TradeBlotter] VALUES (20231101,'M00114','LEVEL GLOBAL','Sold',1299,'SOXL',20241025,1313.4,'P',1056.8,NULL)
INSERT INTO [dbo].[TradeBlotter] VALUES (20230912,'M00120','TWO SIGMA INVESTMENTS LLC','Bot',937,'J',20251130,195.8,'P',544.4,NULL)
INSERT INTO [dbo].[TradeBlotter] VALUES (20231105,'M00120','TWO SIGMA INVESTMENTS LLC','Sold',421,'NOC',20240526,855.4,'C',1547.2,NULL)
INSERT INTO [dbo].[TradeBlotter] VALUES (20231004,'M00104','COATUE','Sold',2798,'XP',20240603,1349.8,'P',1031.6,NULL)
INSERT INTO [dbo].[TradeBlotter] VALUES (20231218,'M00121','J GOLDMAN & CO LP','Bot',409,'NVO',20260404,351.4,'C',831.6,NULL)
INSERT INTO [dbo].[TradeBlotter] VALUES (20231205,'M00100','BAM','Bot',893,'COTY',20251229,17.6,'C',1158,NULL)
INSERT INTO [dbo].[TradeBlotter] VALUES (20231114,'M00107','WELLS FARGO','Sold',95,'MNTS',20260911,1107.2,'P',462,NULL)
INSERT INTO [dbo].[TradeBlotter] VALUES (20231011,'M00106','USAA','Bot',749,'RBLX',20240310,1396.2,'P',272.4,NULL)
INSERT INTO [dbo].[TradeBlotter] VALUES (20231029,'M00127','CAMBIAR INVESTORS','Sold',1692,'PARA',20250408,1193.6,'P',1322.2,NULL)
INSERT INTO [dbo].[TradeBlotter] VALUES (20230915,'M00113','MARINER','Sold',999,'AAPL',20260410,176.6,'C',930.6,NULL)
INSERT INTO [dbo].[TradeBlotter] VALUES (20231009,'M00121','J GOLDMAN & CO LP','Sold',1937,'XYL',20260521,1386.4,'P',1047.4,NULL)
INSERT INTO [dbo].[TradeBlotter] VALUES (20231217,'M00106','USAA','Bot',2158,'VMW',20260305,1601.8,'C',1374.6,NULL)
INSERT INTO [dbo].[TradeBlotter] VALUES (20230913,'M00122','SOUTH FERRY','Bot',2377,'PXD',20240305,152.6,'C',1850.2,NULL)
INSERT INTO [dbo].[TradeBlotter] VALUES (20230910,'M00127','CAMBIAR INVESTORS','Sold',270,'SMO',20250608,1977.4,'P',1580.4,NULL)

INSERT INTO [dbo].[OpenPosition] VALUES ('M00109',20231011,'IGT',1355,20240728,1406.4,'P',425.2,NULL,NULL,'2023-08-14 12:39:24',20231202,20231115,'O','C')
INSERT INTO [dbo].[OpenPosition] VALUES ('M00108',20231123,'BKR',1618,20240918,897.2,'P',634,NULL,NULL,'2023-11-04 12:39:24',20231122,20231201,'O','C')
INSERT INTO [dbo].[OpenPosition] VALUES ('M00121',20230910,'VLY',2149,20260825,1137.2,'P',357,NULL,NULL,'2023-12-15 12:39:24',20231121,20231103,'O','C')
INSERT INTO [dbo].[OpenPosition] VALUES ('M00124',20231213,'K',2766,20260616,966,'C',1592.4,NULL,NULL,'2023-12-04 12:39:24',20231009,20230918,'O','C')
INSERT INTO [dbo].[OpenPosition] VALUES ('M00123',20231112,'AMAT',2399,20250220,1598.2,'C',43.2,NULL,NULL,'2022-08-23 12:39:24',20231021,20231204,'O','C')
INSERT INTO [dbo].[OpenPosition] VALUES ('M00114',20231214,'OMF',1741,20240111,95.8,'P',1195.8,NULL,NULL,'2022-09-26 12:39:24',20231127,20230920,'O','C')
INSERT INTO [dbo].[OpenPosition] VALUES ('M00119',20230917,'IOVA',140,20231229,676.8,'P',383.2,NULL,NULL,'2023-07-25 12:39:24',20231218,20231213,'O','C')
INSERT INTO [dbo].[OpenPosition] VALUES ('M00120',20231025,'RBLX',764,20240414,505.4,'C',1209.2,NULL,NULL,'2023-03-28 12:39:24',20231109,20231027,'O','C')
INSERT INTO [dbo].[OpenPosition] VALUES ('M00103',20231114,'NNAC',1101,20240807,427,'P',201.4,NULL,NULL,'2022-08-24 12:39:24',20231007,20231024,'O','C')
INSERT INTO [dbo].[OpenPosition] VALUES ('M00108',20231110,'VHT',1880,20250411,889.8,'P',942,NULL,NULL,'2022-09-24 12:39:24',20231104,20231026,'O','C')
INSERT INTO [dbo].[OpenPosition] VALUES ('M00106',20230922,'TSHA',1305,20250417,361.8,'P',687.2,NULL,NULL,'2023-09-21 12:39:24',20231205,20231108,'O','C')
INSERT INTO [dbo].[OpenPosition] VALUES ('M00112',20230925,'IOVA',232,20240423,1900.4,'P',737.4,NULL,NULL,'2023-06-02 12:39:24',20231121,20231015,'O','C')
INSERT INTO [dbo].[OpenPosition] VALUES ('M00102',20231010,'BLDR',2739,20240920,312,'P',1214.8,NULL,NULL,'2023-08-12 12:39:24',20231217,20231116,'O','C')
INSERT INTO [dbo].[OpenPosition] VALUES ('M00118',20231015,'AMAT',1045,20240410,190,'P',1517.6,NULL,NULL,'2023-07-26 12:39:24',20230919,20231121,'O','C')
INSERT INTO [dbo].[OpenPosition] VALUES ('M00124',20230911,'RBLX',744,20250817,1457.2,'P',790.8,NULL,NULL,'2023-06-17 12:39:24',20231028,20231029,'O','C')
INSERT INTO [dbo].[OpenPosition] VALUES ('M00109',20231123,'BCYC',378,20250105,1545.8,'P',1120,NULL,NULL,'2023-02-15 12:39:24',20231016,20231012,'O','C')
INSERT INTO [dbo].[OpenPosition] VALUES ('M00102',20231017,'NNAC',1565,20251221,1301,'P',1888.6,NULL,NULL,'2022-09-28 12:39:24',20231111,20231205,'O','C')
INSERT INTO [dbo].[OpenPosition] VALUES ('M00123',20231214,'AMBA',1264,20260725,917.8,'P',684.8,NULL,NULL,'2023-04-18 12:39:24',20231202,20230927,'O','C')
INSERT INTO [dbo].[OpenPosition] VALUES ('M00128',20231021,'SHW',234,20260412,1679,'P',39,NULL,NULL,'2023-10-30 12:39:24',20230915,20230914,'O','C')
INSERT INTO [dbo].[OpenPosition] VALUES ('M00115',20231130,'SPR',136,20250206,1294,'C',491.2,NULL,NULL,'2022-09-15 12:39:24',20231217,20231202,'O','C')
INSERT INTO [dbo].[OpenPosition] VALUES ('M00119',20231127,'FLH',2869,20241105,122.6,'P',1833.2,NULL,NULL,'2023-11-15 12:39:24',20231109,20231122,'O','C')
INSERT INTO [dbo].[OpenPosition] VALUES ('M00101',20231205,'AMBA',1760,20260406,1575.8,'C',404.2,NULL,NULL,'2022-11-04 12:39:24',20231111,20231002,'O','C')
INSERT INTO [dbo].[OpenPosition] VALUES ('M00109',20230923,'FSLY',1697,20240729,467.2,'P',1896.6,NULL,NULL,'2023-04-19 12:39:24',20231130,20231130,'O','C')
INSERT INTO [dbo].[OpenPosition] VALUES ('M00125',20231011,'K',171,20240207,840.8,'C',957.6,NULL,NULL,'2023-03-03 12:39:24',20230923,20231210,'O','C')
INSERT INTO [dbo].[OpenPosition] VALUES ('M00106',20230923,'SPX',1435,20250102,1219.2,'P',101.4,NULL,NULL,'2023-10-10 12:39:24',20231004,20231018,'O','C')
INSERT INTO [dbo].[OpenPosition] VALUES ('M00125',20231001,'SPX',2453,20240217,1098.6,'P',462,NULL,NULL,'2022-10-27 12:39:24',20231005,20231210,'O','C')
INSERT INTO [dbo].[OpenPosition] VALUES ('M00101',20231112,'RBLX',448,20260227,321.2,'P',1479.6,NULL,NULL,'2023-10-09 12:39:24',20231108,20231123,'O','C')
INSERT INTO [dbo].[OpenPosition] VALUES ('M00113',20231130,'CAT',1836,20251101,484.2,'C',567.8,NULL,NULL,'2023-06-30 12:39:24',20231027,20231203,'O','C')
INSERT INTO [dbo].[OpenPosition] VALUES ('M00100',20231011,'FLH',659,20251019,1122.6,'P',1419.4,NULL,NULL,'2023-03-06 12:39:24',20231111,20231020,'O','C')
INSERT INTO [dbo].[OpenPosition] VALUES ('M00123',20231025,'COTY',81,20240223,1233.2,'C',1954.2,NULL,NULL,'2023-06-22 12:39:24',20231116,20231112,'O','C')
INSERT INTO [dbo].[OpenPosition] VALUES ('M00121',20231120,'TSHA',1409,20250710,313.2,'P',1131.8,NULL,NULL,'2022-09-07 12:39:24',20231215,20230919,'O','C')
INSERT INTO [dbo].[OpenPosition] VALUES ('M00107',20231115,'XYL',863,20250611,1157.8,'P',820.4,NULL,NULL,'2022-10-17 12:39:24',20230926,20231216,'O','C')
INSERT INTO [dbo].[OpenPosition] VALUES ('M00100',20230924,'SMO',1191,20240913,1466.4,'P',431.6,NULL,NULL,'2023-09-17 12:39:24',20231002,20231208,'O','C')
INSERT INTO [dbo].[OpenPosition] VALUES ('M00108',20231217,'IGT',2053,20250317,656.6,'P',1137.2,NULL,NULL,'2023-02-15 12:39:24',20231126,20231107,'O','C')
INSERT INTO [dbo].[OpenPosition] VALUES ('M00101',20231215,'IR',1956,20250830,562.4,'P',992.8,NULL,NULL,'2023-03-01 12:39:24',20231028,20231128,'O','C')
INSERT INTO [dbo].[OpenPosition] VALUES ('M00100',20231105,'SPR',490,20240110,1330,'P',949.6,NULL,NULL,'2023-11-13 12:39:24',20231206,20231103,'O','C')
INSERT INTO [dbo].[OpenPosition] VALUES ('M00106',20230923,'SOXL',1461,20260511,1481.2,'C',1214.6,NULL,NULL,'2023-02-13 12:39:24',20231212,20231217,'O','C')
INSERT INTO [dbo].[OpenPosition] VALUES ('M00120',20231113,'HOUS',1791,20260619,318.2,'P',963.4,NULL,NULL,'2023-11-14 12:39:24',20231103,20231014,'O','C')
INSERT INTO [dbo].[OpenPosition] VALUES ('M00113',20230915,'PFQ',1321,20260901,394,'P',1387,NULL,NULL,'2023-05-21 12:39:24',20231130,20231216,'O','C')
INSERT INTO [dbo].[OpenPosition] VALUES ('M00112',20230929,'AMAT',1849,20260114,767.6,'P',50.8,NULL,NULL,'2023-07-31 12:39:24',20231020,20230923,'O','C')
INSERT INTO [dbo].[OpenPosition] VALUES ('M00108',20231215,'IWM',491,20260402,745,'P',590.6,NULL,NULL,'2023-12-13 12:39:24',20230921,20231116,'O','C')
INSERT INTO [dbo].[OpenPosition] VALUES ('M00122',20231128,'SOXL',2277,20240317,48.6,'C',1316.4,NULL,NULL,'2023-07-19 12:39:24',20231023,20231215,'O','C')
INSERT INTO [dbo].[OpenPosition] VALUES ('M00123',20230924,'TTD',1753,20251120,1035.6,'P',1887.2,NULL,NULL,'2022-10-31 12:39:24',20231005,20230921,'O','C')
INSERT INTO [dbo].[OpenPosition] VALUES ('M00112',20231123,'XEL',827,20251228,541.4,'P',1211.2,NULL,NULL,'2022-12-16 12:39:24',20231216,20230910,'O','C')
INSERT INTO [dbo].[OpenPosition] VALUES ('M00124',20231215,'PHH',2843,20240108,704.4,'P',1877,NULL,NULL,'2023-02-24 12:39:24',20231130,20231128,'O','C')
INSERT INTO [dbo].[OpenPosition] VALUES ('M00107',20231108,'HOUR',751,20240910,1049.2,'P',159.8,NULL,NULL,'2022-08-07 12:39:24',20231017,20231108,'O','C')
INSERT INTO [dbo].[OpenPosition] VALUES ('M00124',20231121,'GH',1713,20250824,1624.4,'C',1604.4,NULL,NULL,'2022-11-01 12:39:24',20230914,20231201,'O','C')
INSERT INTO [dbo].[OpenPosition] VALUES ('M00103',20231207,'XP',2852,20231229,1971.8,'C',294.6,NULL,NULL,'2023-10-13 12:39:24',20231203,20231208,'O','C')
INSERT INTO [dbo].[OpenPosition] VALUES ('M00114',20231213,'AAP',2891,20250108,1203.4,'C',479.6,NULL,NULL,'2023-03-24 12:39:24',20230914,20231024,'O','C')
INSERT INTO [dbo].[OpenPosition] VALUES ('M00124',20231110,'DDD',2898,20240801,831.8,'P',124.6,NULL,NULL,'2023-02-24 12:39:24',20231018,20230918,'O','C')
INSERT INTO [dbo].[OpenPosition] VALUES ('M00105',20231114,'IGT',753,20260910,423.2,'P',863.4,NULL,NULL,'2023-07-24 12:39:24',20231016,20230929,'O','C')
INSERT INTO [dbo].[OpenPosition] VALUES ('M00109',20231008,'BBBY',849,20250609,1353.8,'C',1687.6,NULL,NULL,'2023-08-03 12:39:24',20230910,20230928,'O','C')
INSERT INTO [dbo].[OpenPosition] VALUES ('M00110',20231118,'AAP',2599,20260616,99.4,'C',1708.6,NULL,NULL,'2023-08-20 12:39:24',20231207,20230922,'O','C')
INSERT INTO [dbo].[OpenPosition] VALUES ('M00122',20231122,'DXJ',306,20250506,66.8,'P',661,NULL,NULL,'2023-07-15 12:39:24',20230930,20231006,'O','C')
INSERT INTO [dbo].[OpenPosition] VALUES ('M00118',20231208,'VLY',465,20250616,574.8,'C',699.2,NULL,NULL,'2023-05-06 12:39:24',20231008,20231205,'O','C')
INSERT INTO [dbo].[OpenPosition] VALUES ('M00115',20231216,'J',1247,20240923,837.2,'P',570.4,NULL,NULL,'2023-02-05 12:39:24',20231001,20231001,'O','C')
INSERT INTO [dbo].[OpenPosition] VALUES ('M00118',20231016,'ADSK',178,20231231,67.2,'C',332.6,NULL,NULL,'2023-04-09 12:39:24',20231018,20231108,'O','C')
INSERT INTO [dbo].[OpenPosition] VALUES ('M00120',20231207,'DV',333,20240603,1488,'P',1948.6,NULL,NULL,'2022-12-18 12:39:24',20230926,20231112,'O','C')
INSERT INTO [dbo].[OpenPosition] VALUES ('M00112',20231126,'LAZ',269,20260223,1547,'P',108.2,NULL,NULL,'2022-09-23 12:39:24',20230928,20231126,'O','C')
INSERT INTO [dbo].[OpenPosition] VALUES ('M00120',20231018,'LTHM',654,20250322,211.6,'P',363.8,NULL,NULL,'2023-06-25 12:39:24',20231213,20230912,'O','C')
INSERT INTO [dbo].[OpenPosition] VALUES ('M00117',20231218,'ELAN',2540,20251113,240.8,'C',1675.4,NULL,NULL,'2023-11-08 12:39:24',20231202,20231118,'O','C')
INSERT INTO [dbo].[OpenPosition] VALUES ('M00126',20231006,'LTHM',1937,20260203,1550.8,'C',1738,NULL,NULL,'2023-06-25 12:39:24',20230929,20231212,'O','C')
INSERT INTO [dbo].[OpenPosition] VALUES ('M00110',20231014,'BBBY',2768,20251202,146.2,'C',631.6,NULL,NULL,'2023-06-16 12:39:24',20231117,20231108,'O','C')
INSERT INTO [dbo].[OpenPosition] VALUES ('M00119',20231208,'IGT',2048,20260314,1950.8,'P',746,NULL,NULL,'2023-07-06 12:39:24',20231202,20231002,'O','C')
INSERT INTO [dbo].[OpenPosition] VALUES ('M00107',20230913,'UNH',1197,20250527,1696.8,'P',1394.2,NULL,NULL,'2023-11-24 12:39:24',20231201,20231218,'O','C')
INSERT INTO [dbo].[OpenPosition] VALUES ('M00114',20231210,'DE',2337,20260215,1094,'C',1273,NULL,NULL,'2023-07-18 12:39:24',20231207,20231212,'O','C')
INSERT INTO [dbo].[OpenPosition] VALUES ('M00123',20231105,'K',2841,20240226,648.8,'C',1883.2,NULL,NULL,'2022-12-22 12:39:24',20231112,20231007,'O','C')
INSERT INTO [dbo].[OpenPosition] VALUES ('M00107',20231001,'IR',1388,20241215,1786.4,'C',186.6,NULL,NULL,'2023-10-12 12:39:24',20231011,20231027,'O','C')
INSERT INTO [dbo].[OpenPosition] VALUES ('M00102',20231117,'WDC',453,20240930,959.8,'C',1993.2,NULL,NULL,'2023-10-15 12:39:24',20230926,20231114,'O','C')
INSERT INTO [dbo].[OpenPosition] VALUES ('M00109',20231006,'AMAT',190,20240830,1774.6,'P',1147.2,NULL,NULL,'2023-07-14 12:39:24',20231112,20231027,'O','C')
INSERT INTO [dbo].[OpenPosition] VALUES ('M00101',20231123,'BCYC',446,20260301,584.6,'C',1373.4,NULL,NULL,'2023-09-16 12:39:24',20231016,20231106,'O','C')
INSERT INTO [dbo].[OpenPosition] VALUES ('M00106',20230923,'PXD',1273,20260901,741.4,'C',1442.4,NULL,NULL,'2023-09-01 12:39:24',20231121,20231007,'O','C')
INSERT INTO [dbo].[OpenPosition] VALUES ('M00120',20231117,'SOXL',1162,20240325,277.2,'P',965.8,NULL,NULL,'2023-11-06 12:39:24',20231130,20231014,'O','C')
INSERT INTO [dbo].[OpenPosition] VALUES ('M00108',20231013,'GH',826,20250513,1903.4,'C',1328.4,NULL,NULL,'2023-11-15 12:39:24',20230919,20230916,'O','C')
INSERT INTO [dbo].[OpenPosition] VALUES ('M00102',20231212,'PHH',559,20260831,745.4,'P',760.6,NULL,NULL,'2023-12-04 12:39:24',20230928,20230923,'O','C')
INSERT INTO [dbo].[OpenPosition] VALUES ('M00121',20231106,'K',1729,20250425,223,'C',784.6,NULL,NULL,'2023-05-28 12:39:24',20231214,20231107,'O','C')
INSERT INTO [dbo].[OpenPosition] VALUES ('M00112',20231110,'HOUR',584,20250327,932.8,'P',689.4,NULL,NULL,'2023-12-09 12:39:24',20231106,20231218,'O','C')
INSERT INTO [dbo].[OpenPosition] VALUES ('M00112',20231007,'LAZ',503,20260215,1441.6,'C',59.2,NULL,NULL,'2023-05-16 12:39:24',20231202,20230930,'O','C')
INSERT INTO [dbo].[OpenPosition] VALUES ('M00102',20230922,'ZTO',1130,20240726,1946,'P',751.6,NULL,NULL,'2023-11-11 12:39:24',20231031,20230918,'O','C')
INSERT INTO [dbo].[OpenPosition] VALUES ('M00101',20230918,'HADI',1057,20260811,1550.8,'C',1686.6,NULL,NULL,'2023-04-14 12:39:24',20231021,20231007,'O','C')
INSERT INTO [dbo].[OpenPosition] VALUES ('M00102',20231003,'TLT',1511,20260601,259.8,'P',513.6,NULL,NULL,'2023-05-30 12:39:24',20231011,20231206,'O','C')
INSERT INTO [dbo].[OpenPosition] VALUES ('M00102',20231002,'NOC',1216,20250329,77.2,'P',1504.8,NULL,NULL,'2023-12-05 12:39:24',20231126,20231020,'O','C')
INSERT INTO [dbo].[OpenPosition] VALUES ('M00101',20231019,'SU3',1687,20241031,182,'C',1878.4,NULL,NULL,'2022-11-22 12:39:24',20231119,20231017,'O','C')
INSERT INTO [dbo].[OpenPosition] VALUES ('M00123',20230930,'AMAT',2841,20240721,582,'C',1849.2,NULL,NULL,'2023-02-11 12:39:24',20231203,20230928,'O','C')
INSERT INTO [dbo].[OpenPosition] VALUES ('M00107',20231201,'COTY',601,20250129,1164.2,'P',304.6,NULL,NULL,'2023-11-18 12:39:24',20231015,20231128,'O','C')
INSERT INTO [dbo].[OpenPosition] VALUES ('M00113',20230928,'SMO',379,20250522,842.2,'C',588.8,NULL,NULL,'2023-09-11 12:39:24',20230926,20231009,'O','C')
INSERT INTO [dbo].[OpenPosition] VALUES ('M00104',20230921,'AMBA',2537,20260406,180.8,'P',1159,NULL,NULL,'2023-11-18 12:39:24',20231018,20231018,'O','C')
INSERT INTO [dbo].[OpenPosition] VALUES ('M00110',20231118,'FSLY',2108,20250814,1190.2,'P',56,NULL,NULL,'2022-08-27 12:39:24',20231102,20231106,'O','C')
INSERT INTO [dbo].[OpenPosition] VALUES ('M00127',20231127,'CMS',2678,20260208,86.4,'P',1225.8,NULL,NULL,'2023-05-17 12:39:24',20231026,20230924,'O','C')
INSERT INTO [dbo].[OpenPosition] VALUES ('M00111',20231113,'T',1883,20251218,684,'P',571.4,NULL,NULL,'2022-09-24 12:39:24',20230925,20231127,'O','C')
INSERT INTO [dbo].[OpenPosition] VALUES ('M00118',20231111,'TSHA',1789,20251013,1397,'C',1233,NULL,NULL,'2023-08-07 12:39:24',20231031,20231116,'O','C')
INSERT INTO [dbo].[OpenPosition] VALUES ('M00117',20230920,'BABA',1273,20251029,1769,'C',1635,NULL,NULL,'2023-05-07 12:39:24',20231007,20231116,'O','C')
INSERT INTO [dbo].[OpenPosition] VALUES ('M00118',20231008,'COW',2953,20240530,336,'P',960.2,NULL,NULL,'2023-07-04 12:39:24',20231003,20230927,'O','C')
INSERT INTO [dbo].[OpenPosition] VALUES ('M00117',20231003,'AAL',1712,20240625,304.2,'C',1338.6,NULL,NULL,'2022-10-01 12:39:24',20231128,20231007,'O','C')
INSERT INTO [dbo].[OpenPosition] VALUES ('M00119',20231001,'HOUR',1255,20240715,418,'P',1553.8,NULL,NULL,'2023-11-10 12:39:24',20230930,20231106,'O','C')
INSERT INTO [dbo].[OpenPosition] VALUES ('M00110',20231212,'VHT',2503,20240503,411.6,'P',1596,NULL,NULL,'2023-02-17 12:39:24',20230917,20231013,'O','C')
INSERT INTO [dbo].[OpenPosition] VALUES ('M00111',20230916,'HOUS',1745,20260224,1214,'C',1586.4,NULL,NULL,'2023-05-29 12:39:24',20231116,20231023,'O','C')
INSERT INTO [dbo].[OpenPosition] VALUES ('M00123',20231029,'AZN',2648,20250112,1497.8,'P',1814.4,NULL,NULL,'2023-07-28 12:39:24',20231101,20230924,'O','C')
INSERT INTO [dbo].[OpenPosition] VALUES ('M00121',20231202,'J',2296,20260312,732,'C',418.8,NULL,NULL,'2023-07-03 12:39:24',20231208,20231020,'O','C')
INSERT INTO [dbo].[OpenPosition] VALUES ('M00122',20231003,'IFW',100,20241022,476.2,'C',1907.4,NULL,NULL,'2023-11-14 12:39:24',20231202,20231216,'O','C')
INSERT INTO [dbo].[OpenPosition] VALUES ('M00107',20231108,'COW',1041,20240409,1398.6,'C',227.4,NULL,NULL,'2023-07-29 12:39:24',20231208,20231021,'O','C')
INSERT INTO [dbo].[OpenPosition] VALUES ('M00109',20231124,'UNH',394,20240129,1631.8,'C',1317.4,NULL,NULL,'2023-05-27 12:39:24',20231214,20230927,'O','C')
INSERT INTO [dbo].[OpenPosition] VALUES ('M00121',20231217,'AMAT',2211,20240806,1001.2,'C',745,NULL,NULL,'2023-09-20 12:39:24',20231011,20231209,'O','C')
INSERT INTO [dbo].[OpenPosition] VALUES ('M00126',20231208,'CMS',1518,20240910,476.8,'C',446.8,NULL,NULL,'2023-04-01 12:39:24',20230914,20231008,'O','C')
INSERT INTO [dbo].[OpenPosition] VALUES ('M00103',20230921,'PLUG',1249,20251113,306,'C',693.8,NULL,NULL,'2023-11-27 12:39:24',20231117,20231129,'O','C')
INSERT INTO [dbo].[OpenPosition] VALUES ('M00112',20231021,'HOU',2498,20240126,1619.8,'P',293.8,NULL,NULL,'2022-11-10 12:39:24',20231108,20230917,'O','C')
INSERT INTO [dbo].[OpenPosition] VALUES ('M00107',20231026,'STEM',420,20260621,1008.6,'C',1140.8,NULL,NULL,'2023-09-20 12:39:24',20231120,20231019,'O','C')
INSERT INTO [dbo].[OpenPosition] VALUES ('M00106',20231019,'JPM',2180,20250519,1506.8,'P',1038.8,NULL,NULL,'2023-01-02 12:39:24',20231216,20231118,'O','C')
INSERT INTO [dbo].[OpenPosition] VALUES ('M00108',20231106,'NNAC',1734,20250512,643.6,'C',1390.4,NULL,NULL,'2023-10-23 12:39:24',20231001,20230911,'O','C')
INSERT INTO [dbo].[OpenPosition] VALUES ('M00103',20230913,'MTB',433,20240318,420.6,'C',1573.8,NULL,NULL,'2023-11-12 12:39:24',20231106,20230924,'O','C')
INSERT INTO [dbo].[OpenPosition] VALUES ('M00110',20231023,'SOXL',1834,20250901,31.2,'C',951.8,NULL,NULL,'2023-06-02 12:39:24',20231116,20231008,'O','C')
INSERT INTO [dbo].[OpenPosition] VALUES ('M00105',20230926,'LLY',1769,20251231,1489.8,'C',343.4,NULL,NULL,'2022-09-10 12:39:24',20231212,20230928,'O','C')
INSERT INTO [dbo].[OpenPosition] VALUES ('M00128',20230923,'UNH',1504,20260217,1060.6,'C',1095,NULL,NULL,'2022-08-12 12:39:24',20231010,20230917,'O','C')
INSERT INTO [dbo].[OpenPosition] VALUES ('M00107',20231007,'LLY',2542,20240127,1822,'P',728.6,NULL,NULL,'2023-01-27 12:39:24',20230924,20231101,'O','C')
INSERT INTO [dbo].[OpenPosition] VALUES ('M00123',20231006,'COP',840,20241124,596.6,'P',314,NULL,NULL,'2023-07-22 12:39:24',20231016,20230914,'O','C')
INSERT INTO [dbo].[OpenPosition] VALUES ('M00109',20231014,'SHW',309,20251115,88.8,'P',1554,NULL,NULL,'2023-02-06 12:39:24',20231027,20231125,'O','C')
INSERT INTO [dbo].[OpenPosition] VALUES ('M00123',20231017,'AZN',571,20240916,1521.6,'C',1531.4,NULL,NULL,'2023-10-26 12:39:24',20230910,20231125,'O','C')
INSERT INTO [dbo].[OpenPosition] VALUES ('M00108',20231218,'HOUS',758,20240822,1664.2,'C',496.4,NULL,NULL,'2023-10-12 12:39:24',20231107,20231127,'O','C')
INSERT INTO [dbo].[OpenPosition] VALUES ('M00112',20231203,'TTD',742,20260529,1659.6,'C',246,NULL,NULL,'2022-09-13 12:39:24',20231208,20230922,'O','C')
INSERT INTO [dbo].[OpenPosition] VALUES ('M00127',20231102,'VMW',998,20250224,1994.8,'C',425.2,NULL,NULL,'2022-10-16 12:39:24',20231116,20230925,'O','C')
INSERT INTO [dbo].[OpenPosition] VALUES ('M00125',20231121,'VLY',1672,20240812,105,'C',1602,NULL,NULL,'2022-11-29 12:39:24',20231002,20230921,'O','C')
INSERT INTO [dbo].[OpenPosition] VALUES ('M00103',20231009,'PFQ',2117,20240925,1728,'C',537.4,NULL,NULL,'2023-11-28 12:39:24',20230918,20231125,'O','C')
INSERT INTO [dbo].[OpenPosition] VALUES ('M00124',20231113,'BBBY',2832,20241027,579.6,'C',385.4,NULL,NULL,'2023-10-27 12:39:24',20231111,20231107,'O','C')
INSERT INTO [dbo].[OpenPosition] VALUES ('M00124',20231206,'TSHA',2862,20241105,435,'C',1399.2,NULL,NULL,'2023-09-16 12:39:24',20231125,20231115,'O','C')
INSERT INTO [dbo].[OpenPosition] VALUES ('M00105',20230918,'VHT',850,20260412,414,'P',592.2,NULL,NULL,'2023-07-21 12:39:24',20231205,20231004,'O','C')
INSERT INTO [dbo].[OpenPosition] VALUES ('M00105',20231106,'LAZ',574,20240625,852,'P',927.2,NULL,NULL,'2022-08-08 12:39:24',20231018,20231008,'O','C')
INSERT INTO [dbo].[OpenPosition] VALUES ('M00123',20231126,'TCOM',2222,20260118,369,'C',1168.6,NULL,NULL,'2023-06-29 12:39:24',20230917,20231110,'O','C')
INSERT INTO [dbo].[OpenPosition] VALUES ('M00101',20231111,'T',1452,20241204,250.4,'P',1400.8,NULL,NULL,'2023-02-12 12:39:24',20231026,20231017,'O','C')
INSERT INTO [dbo].[OpenPosition] VALUES ('M00115',20231021,'WDC',1870,20250831,745,'P',1790.8,NULL,NULL,'2023-04-07 12:39:24',20231026,20230913,'O','C')
INSERT INTO [dbo].[OpenPosition] VALUES ('M00110',20231102,'BKR',2997,20260419,318.6,'C',1491,NULL,NULL,'2022-11-06 12:39:24',20231019,20230926,'O','C')
INSERT INTO [dbo].[OpenPosition] VALUES ('M00124',20231110,'AAPL',1770,20241004,129,'C',246.6,NULL,NULL,'2023-03-15 12:39:24',20231128,20231020,'O','C')
INSERT INTO [dbo].[OpenPosition] VALUES ('M00109',20231114,'TCOM',592,20240903,732.6,'C',381.4,NULL,NULL,'2023-03-12 12:39:24',20231215,20231021,'O','C')
INSERT INTO [dbo].[OpenPosition] VALUES ('M00112',20231112,'BABA',1641,20240512,1624,'C',1288,NULL,NULL,'2023-02-18 12:39:24',20231105,20230915,'O','C')
INSERT INTO [dbo].[OpenPosition] VALUES ('M00108',20231127,'SHW',2045,20240427,1612.2,'P',602.4,NULL,NULL,'2023-11-21 12:39:24',20231218,20231101,'O','C')
INSERT INTO [dbo].[OpenPosition] VALUES ('M00117',20231215,'XEL',1593,20250206,731,'P',1924.4,NULL,NULL,'2023-10-26 12:39:24',20231116,20231013,'O','C')
INSERT INTO [dbo].[OpenPosition] VALUES ('M00128',20231116,'ARCC',73,20240601,700.4,'C',1864.8,NULL,NULL,'2023-07-24 12:39:24',20230913,20231211,'O','C')
INSERT INTO [dbo].[OpenPosition] VALUES ('M00100',20231005,'NOC',825,20260606,358,'P',169.4,NULL,NULL,'2023-05-27 12:39:24',20231212,20231014,'O','C')
INSERT INTO [dbo].[OpenPosition] VALUES ('M00127',20231005,'PLUG',1916,20241206,1650.6,'P',1933.4,NULL,NULL,'2023-03-19 12:39:24',20231208,20231128,'O','C')
INSERT INTO [dbo].[OpenPosition] VALUES ('M00116',20231012,'BKR',1469,20240415,1937.2,'C',1205.2,NULL,NULL,'2023-05-19 12:39:24',20231118,20231007,'O','C')
INSERT INTO [dbo].[OpenPosition] VALUES ('M00117',20231017,'FSLY',2679,20240224,893.8,'P',154.8,NULL,NULL,'2023-03-04 12:39:24',20231005,20231214,'O','C')
INSERT INTO [dbo].[OpenPosition] VALUES ('M00122',20231012,'MHTX',2347,20251113,1640,'C',1044,NULL,NULL,'2023-05-13 12:39:24',20231208,20231120,'O','C')
INSERT INTO [dbo].[OpenPosition] VALUES ('M00106',20231208,'MHTX',2316,20250913,1208,'P',572.2,NULL,NULL,'2023-06-25 12:39:24',20231017,20231207,'O','C')
INSERT INTO [dbo].[OpenPosition] VALUES ('M00106',20231201,'HOU',646,20240803,1882.2,'P',1679.8,NULL,NULL,'2022-11-02 12:39:24',20231209,20231002,'O','C')
INSERT INTO [dbo].[OpenPosition] VALUES ('M00127',20231005,'PFQ',1445,20240226,454.8,'P',783.8,NULL,NULL,'2022-12-10 12:39:24',20231128,20231206,'O','C')
INSERT INTO [dbo].[OpenPosition] VALUES ('M00114',20230926,'VMW',2998,20240516,646.6,'C',1290,NULL,NULL,'2023-12-04 12:39:24',20231127,20231204,'O','C')
INSERT INTO [dbo].[OpenPosition] VALUES ('M00114',20231023,'XEL',48,20241005,546.6,'P',704.4,NULL,NULL,'2023-07-24 12:39:24',20231117,20231119,'O','C')
INSERT INTO [dbo].[OpenPosition] VALUES ('M00104',20231217,'SOXL',2157,20260717,3.4,'P',1601,NULL,NULL,'2023-01-22 12:39:24',20231108,20231005,'O','C')
INSERT INTO [dbo].[OpenPosition] VALUES ('M00104',20231019,'INSP',197,20250226,961.8,'C',838.6,NULL,NULL,'2022-11-18 12:39:24',20231111,20231202,'O','C')
INSERT INTO [dbo].[OpenPosition] VALUES ('M00106',20231108,'COW',292,20240813,590.2,'P',273.6,NULL,NULL,'2023-12-04 12:39:24',20231025,20231122,'O','C')
INSERT INTO [dbo].[OpenPosition] VALUES ('M00112',20230919,'MNTS',1560,20240501,1076.4,'C',43.4,NULL,NULL,'2023-09-13 12:39:24',20231122,20230928,'O','C')
INSERT INTO [dbo].[OpenPosition] VALUES ('M00126',20231004,'IWM',188,20250909,585.4,'P',1901.2,NULL,NULL,'2023-02-25 12:39:24',20231201,20230929,'O','C')
INSERT INTO [dbo].[OpenPosition] VALUES ('M00112',20231210,'NVO',1892,20231229,1771,'C',1386.4,NULL,NULL,'2022-09-01 12:39:24',20231213,20231114,'O','C')
INSERT INTO [dbo].[OpenPosition] VALUES ('M00115',20231111,'NNAC',2191,20250409,126.4,'P',1293.4,NULL,NULL,'2023-06-03 12:39:24',20231014,20231203,'O','C')
INSERT INTO [dbo].[OpenPosition] VALUES ('M00119',20231119,'T',842,20260113,528.2,'P',1876.6,NULL,NULL,'2023-02-27 12:39:24',20231217,20231110,'O','C')
INSERT INTO [dbo].[OpenPosition] VALUES ('M00127',20230913,'SOXL',1470,20260304,117,'P',1184.4,NULL,NULL,'2023-05-09 12:39:24',20230914,20231115,'O','C')
INSERT INTO [dbo].[OpenPosition] VALUES ('M00114',20231119,'THV',2239,20240408,1402.2,'C',807.2,NULL,NULL,'2022-10-14 12:39:24',20231106,20231009,'O','C')
INSERT INTO [dbo].[OpenPosition] VALUES ('M00107',20230910,'DV',2666,20240404,1649.2,'P',1188,NULL,NULL,'2023-10-26 12:39:24',20231117,20231112,'O','C')
INSERT INTO [dbo].[OpenPosition] VALUES ('M00115',20231030,'OSTK',800,20240628,1544,'P',1328.2,NULL,NULL,'2022-11-29 12:39:24',20231012,20231216,'O','C')
INSERT INTO [dbo].[OpenPosition] VALUES ('M00103',20231111,'DE',2190,20241211,829.2,'P',1823.6,NULL,NULL,'2023-01-03 12:39:24',20231031,20231010,'O','C')
INSERT INTO [dbo].[OpenPosition] VALUES ('M00108',20230926,'BKR',1155,20240826,1240.6,'C',1645.6,NULL,NULL,'2023-11-21 12:39:24',20231014,20231016,'O','C')
INSERT INTO [dbo].[OpenPosition] VALUES ('M00104',20231201,'MTB',1734,20251205,432.8,'P',47,NULL,NULL,'2022-11-06 12:39:24',20231010,20231126,'O','C')
INSERT INTO [dbo].[OpenPosition] VALUES ('M00121',20231105,'HOUS',265,20240501,201.4,'C',1736.6,NULL,NULL,'2022-12-27 12:39:24',20231124,20231104,'O','C')
INSERT INTO [dbo].[OpenPosition] VALUES ('M00115',20231209,'DDD',266,20260305,820,'P',1804,NULL,NULL,'2023-07-25 12:39:24',20231112,20231103,'O','C')
INSERT INTO [dbo].[OpenPosition] VALUES ('M00113',20231208,'TCOM',1289,20240626,403.6,'P',1467.2,NULL,NULL,'2023-08-12 12:39:24',20231217,20231126,'O','C')
INSERT INTO [dbo].[OpenPosition] VALUES ('M00118',20231126,'MAT',2011,20250203,576.8,'P',531.8,NULL,NULL,'2023-12-14 12:39:24',20231116,20230922,'O','C')
INSERT INTO [dbo].[OpenPosition] VALUES ('M00105',20231130,'MNTS',729,20240202,1092.2,'P',1424,NULL,NULL,'2023-02-05 12:39:24',20230928,20230921,'O','C')
INSERT INTO [dbo].[OpenPosition] VALUES ('M00105',20231121,'PARA',2397,20260427,1189.6,'P',651.4,NULL,NULL,'2022-09-08 12:39:24',20231012,20230927,'O','C')
INSERT INTO [dbo].[OpenPosition] VALUES ('M00103',20231217,'AZN',2260,20240502,1937.6,'P',14.8,NULL,NULL,'2023-11-04 12:39:24',20230923,20231106,'O','C')
INSERT INTO [dbo].[OpenPosition] VALUES ('M00120',20231126,'INSP',1362,20250311,1360,'P',1646,NULL,NULL,'2023-08-02 12:39:24',20231202,20231103,'O','C')
INSERT INTO [dbo].[OpenPosition] VALUES ('M00127',20230914,'ETN',834,20260613,1718,'P',1722.4,NULL,NULL,'2022-12-04 12:39:24',20230925,20231215,'O','C')
INSERT INTO [dbo].[OpenPosition] VALUES ('M00107',20231117,'UNH',627,20250602,1820.8,'P',1438.6,NULL,NULL,'2022-08-23 12:39:24',20231115,20231121,'O','C')
INSERT INTO [dbo].[OpenPosition] VALUES ('M00113',20231012,'MNTS',354,20250604,1820.2,'C',1194.4,NULL,NULL,'2022-08-23 12:39:24',20230914,20231209,'O','C')
INSERT INTO [dbo].[OpenPosition] VALUES ('M00105',20231211,'GPN',790,20240126,1775.8,'P',1430.8,NULL,NULL,'2023-02-19 12:39:24',20231207,20230911,'O','C')
INSERT INTO [dbo].[OpenPosition] VALUES ('M00126',20231217,'DE',1133,20250122,529.4,'P',1860.6,NULL,NULL,'2022-08-07 12:39:24',20231216,20231216,'O','C')
INSERT INTO [dbo].[OpenPosition] VALUES ('M00127',20231017,'BLDR',2253,20241219,523.6,'P',455.8,NULL,NULL,'2023-06-15 12:39:24',20231009,20231112,'O','C')
INSERT INTO [dbo].[OpenPosition] VALUES ('M00102',20230915,'VALE',2372,20260529,1710.8,'C',651.2,NULL,NULL,'2022-11-26 12:39:24',20231127,20231108,'O','C')
INSERT INTO [dbo].[OpenPosition] VALUES ('M00117',20231104,'AHHY',392,20260218,52.2,'C',122.2,NULL,NULL,'2023-10-22 12:39:24',20231123,20231115,'O','C')
INSERT INTO [dbo].[OpenPosition] VALUES ('M00100',20231025,'TTD',197,20241225,1448.8,'P',83.4,NULL,NULL,'2023-07-01 12:39:24',20231027,20231022,'O','C')
INSERT INTO [dbo].[OpenPosition] VALUES ('M00114',20231120,'XRX',810,20241128,604.8,'C',126.8,NULL,NULL,'2022-09-21 12:39:24',20231003,20231117,'O','C')
INSERT INTO [dbo].[OpenPosition] VALUES ('M00118',20231107,'JPM',849,20250829,335,'C',1000.8,NULL,NULL,'2023-05-17 12:39:24',20230930,20231027,'O','C')
INSERT INTO [dbo].[OpenPosition] VALUES ('M00119',20230926,'SOXL',2692,20240423,1833.8,'P',1579.2,NULL,NULL,'2023-06-25 12:39:24',20231102,20231212,'O','C')
INSERT INTO [dbo].[OpenPosition] VALUES ('M00126',20231008,'AHHY',174,20260505,155.4,'P',755.4,NULL,NULL,'2023-07-16 12:39:24',20231106,20231111,'O','C')
INSERT INTO [dbo].[OpenPosition] VALUES ('M00103',20231003,'JPM',2027,20260516,1722.2,'P',46.4,NULL,NULL,'2022-12-15 12:39:24',20231121,20231201,'O','C')
INSERT INTO [dbo].[OpenPosition] VALUES ('M00102',20231022,'IWM',374,20260316,1385.2,'P',799.6,NULL,NULL,'2023-10-03 12:39:24',20231104,20231201,'O','C')
INSERT INTO [dbo].[OpenPosition] VALUES ('M00101',20231206,'SHEL',650,20241207,1422.6,'C',1598,NULL,NULL,'2022-11-04 12:39:24',20231118,20230927,'O','C')
INSERT INTO [dbo].[OpenPosition] VALUES ('M00123',20231028,'IGT',2284,20241230,620.2,'C',1891.4,NULL,NULL,'2023-09-29 12:39:24',20230925,20231018,'O','C')
INSERT INTO [dbo].[OpenPosition] VALUES ('M00101',20231018,'BKR',20,20240715,1702,'P',1054.8,NULL,NULL,'2023-06-30 12:39:24',20230911,20230912,'O','C')
INSERT INTO [dbo].[OpenPosition] VALUES ('M00128',20231104,'PARA',1979,20251006,481.8,'P',1368.8,NULL,NULL,'2023-06-20 12:39:24',20231009,20231217,'O','C')
INSERT INTO [dbo].[OpenPosition] VALUES ('M00114',20230925,'HLL',1854,20250816,376.2,'C',1538.6,NULL,NULL,'2022-09-06 12:39:24',20230928,20231212,'O','C')
INSERT INTO [dbo].[OpenPosition] VALUES ('M00100',20230912,'PHH',2748,20250508,1377,'P',1265,NULL,NULL,'2023-03-19 12:39:24',20231103,20231204,'O','C')
INSERT INTO [dbo].[OpenPosition] VALUES ('M00128',20231205,'SHEL',243,20260612,658.8,'P',543.2,NULL,NULL,'2022-09-08 12:39:24',20231127,20231130,'O','C')
INSERT INTO [dbo].[OpenPosition] VALUES ('M00125',20231216,'VHT',2003,20260730,115.6,'P',1955.8,NULL,NULL,'2023-08-14 12:39:24',20231022,20231102,'O','C')
INSERT INTO [dbo].[OpenPosition] VALUES ('M00117',20231025,'SMO',183,20250313,894.8,'C',1612,NULL,NULL,'2023-03-06 12:39:24',20230923,20230921,'O','C')
INSERT INTO [dbo].[OpenPosition] VALUES ('M00114',20231215,'AMBA',1362,20260507,1316.2,'C',1052.8,NULL,NULL,'2022-09-11 12:39:24',20231121,20231130,'O','C')
INSERT INTO [dbo].[OpenPosition] VALUES ('M00110',20230928,'XYL',1694,20241228,608.4,'P',1999.8,NULL,NULL,'2023-12-06 12:39:24',20231016,20231006,'O','C')
INSERT INTO [dbo].[OpenPosition] VALUES ('M00108',20231111,'XP',522,20240814,1950.8,'C',34,NULL,NULL,'2022-08-16 12:39:24',20231114,20231012,'O','C')
INSERT INTO [dbo].[OpenPosition] VALUES ('M00102',20231113,'SPX',1412,20250907,160.6,'P',191.2,NULL,NULL,'2022-09-19 12:39:24',20231003,20231211,'O','C')
INSERT INTO [dbo].[OpenPosition] VALUES ('M00101',20231204,'SHEL',782,20240702,128.4,'C',238.6,NULL,NULL,'2023-01-08 12:39:24',20230917,20231005,'O','C')
INSERT INTO [dbo].[OpenPosition] VALUES ('M00118',20231126,'OMF',2267,20241213,1771.6,'P',1046.6,NULL,NULL,'2023-05-06 12:39:24',20231128,20230914,'O','C')
INSERT INTO [dbo].[OpenPosition] VALUES ('M00119',20231204,'XRX',167,20250916,917.8,'C',1764.6,NULL,NULL,'2023-07-27 12:39:24',20231217,20231006,'O','C')
INSERT INTO [dbo].[OpenPosition] VALUES ('M00125',20230916,'XYL',172,20260520,30,'P',1636.2,NULL,NULL,'2023-10-27 12:39:24',20231216,20231211,'O','C')
INSERT INTO [dbo].[OpenPosition] VALUES ('M00125',20230928,'DE',2161,20260902,1072.6,'C',1197.2,NULL,NULL,'2022-09-25 12:39:24',20231003,20231129,'O','C')
INSERT INTO [dbo].[OpenPosition] VALUES ('M00105',20231014,'IOVA',2500,20260627,505.8,'C',183,NULL,NULL,'2023-11-23 12:39:24',20231027,20231211,'O','C')
INSERT INTO [dbo].[OpenPosition] VALUES ('M00100',20231118,'XYL',531,20250417,1589.2,'C',954.6,NULL,NULL,'2023-07-09 12:39:24',20231122,20231101,'O','C')
INSERT INTO [dbo].[OpenPosition] VALUES ('M00120',20231108,'WDC',2678,20250103,1687.8,'P',644.4,NULL,NULL,'2022-09-03 12:39:24',20231123,20231205,'O','C')
INSERT INTO [dbo].[OpenPosition] VALUES ('M00126',20230928,'IOVA',1430,20240302,1114.8,'P',368.2,NULL,NULL,'2023-01-10 12:39:24',20231124,20231126,'O','C')
INSERT INTO [dbo].[OpenPosition] VALUES ('M00107',20231125,'FLH',539,20240320,867.6,'C',135,NULL,NULL,'2022-09-20 12:39:24',20231011,20231126,'O','C')
INSERT INTO [dbo].[OpenPosition] VALUES ('M00118',20230911,'TTD',68,20251022,626.6,'C',1220.6,NULL,NULL,'2023-02-19 12:39:24',20231130,20231114,'O','C')
INSERT INTO [dbo].[OpenPosition] VALUES ('M00117',20231019,'INSP',242,20260828,1905.2,'C',1221.2,NULL,NULL,'2023-09-24 12:39:24',20231201,20231121,'O','C')
INSERT INTO [dbo].[OpenPosition] VALUES ('M00128',20230928,'ZTO',2592,20240518,862,'C',412,NULL,NULL,'2023-01-13 12:39:24',20231025,20231103,'O','C')
INSERT INTO [dbo].[OpenPosition] VALUES ('M00100',20230921,'CMS',1418,20240110,736.2,'P',835.4,NULL,NULL,'2023-05-06 12:39:24',20231030,20231118,'O','C')
INSERT INTO [dbo].[OpenPosition] VALUES ('M00121',20231005,'VMW',510,20241113,556.2,'P',1543.2,NULL,NULL,'2023-11-12 12:39:24',20231130,20231213,'O','C')
INSERT INTO [dbo].[OpenPosition] VALUES ('M00100',20231112,'XRX',295,20251020,876.2,'P',541.4,NULL,NULL,'2023-08-03 12:39:24',20231029,20231204,'O','C')
INSERT INTO [dbo].[OpenPosition] VALUES ('M00103',20231023,'AZN',2001,20250825,819.8,'C',796.8,NULL,NULL,'2023-11-15 12:39:24',20231117,20231117,'O','C')
INSERT INTO [dbo].[OpenPosition] VALUES ('M00124',20231110,'IWM',1011,20250905,994.4,'C',1465.6,NULL,NULL,'2023-08-26 12:39:24',20231130,20231206,'O','C')
INSERT INTO [dbo].[OpenPosition] VALUES ('M00101',20231119,'COTY',1072,20240819,520.6,'C',581.4,NULL,NULL,'2023-10-19 12:39:24',20231115,20231029,'O','C')
INSERT INTO [dbo].[OpenPosition] VALUES ('M00121',20231025,'PFQ',522,20240306,135,'P',1970.8,NULL,NULL,'2023-03-29 12:39:24',20231117,20231218,'O','C')
INSERT INTO [dbo].[OpenPosition] VALUES ('M00104',20231201,'PXD',1752,20260103,390.8,'P',676.2,NULL,NULL,'2023-07-24 12:39:24',20231028,20231107,'O','C')
INSERT INTO [dbo].[OpenPosition] VALUES ('M00108',20230914,'AAL',2500,20260426,1725.6,'P',1930.4,NULL,NULL,'2023-11-20 12:39:24',20231215,20231109,'O','C')
INSERT INTO [dbo].[OpenPosition] VALUES ('M00109',20231030,'IOVA',2593,20250221,572.6,'P',1767.4,NULL,NULL,'2023-08-10 12:39:24',20230912,20231019,'O','C')
INSERT INTO [dbo].[OpenPosition] VALUES ('M00125',20231203,'PFQ',2878,20250625,1764.6,'P',423.4,NULL,NULL,'2023-03-15 12:39:24',20231112,20231014,'O','C')
INSERT INTO [dbo].[OpenPosition] VALUES ('M00126',20231128,'ARCC',2343,20240619,668,'P',1083.6,NULL,NULL,'2023-06-16 12:39:24',20230911,20231210,'O','C')
INSERT INTO [dbo].[OpenPosition] VALUES ('M00124',20230920,'IGT',2748,20240308,1282.4,'C',1100.2,NULL,NULL,'2023-05-14 12:39:24',20231018,20231009,'O','C')
INSERT INTO [dbo].[OpenPosition] VALUES ('M00104',20231114,'IR',2224,20250113,269.8,'C',701.2,NULL,NULL,'2022-08-16 12:39:24',20230917,20231019,'O','C')
INSERT INTO [dbo].[OpenPosition] VALUES ('M00107',20231112,'AMAT',2855,20240602,1110.2,'C',1714.6,NULL,NULL,'2022-12-20 12:39:24',20231022,20231013,'O','C')
INSERT INTO [dbo].[OpenPosition] VALUES ('M00102',20231001,'GH',587,20260122,834.4,'C',1251.4,NULL,NULL,'2023-01-14 12:39:24',20231009,20231013,'O','C')
INSERT INTO [dbo].[OpenPosition] VALUES ('M00124',20230923,'AAPL',366,20241002,1408.2,'C',1289.4,NULL,NULL,'2022-09-01 12:39:24',20231117,20231208,'O','C')
INSERT INTO [dbo].[OpenPosition] VALUES ('M00104',20231014,'LTHM',2087,20260517,742,'C',1202,NULL,NULL,'2023-10-31 12:39:24',20231108,20231024,'O','C')
INSERT INTO [dbo].[OpenPosition] VALUES ('M00113',20230914,'AZEK',2308,20250601,1594.2,'P',787,NULL,NULL,'2023-06-21 12:39:24',20230922,20231214,'O','C')
INSERT INTO [dbo].[OpenPosition] VALUES ('M00113',20230923,'THV',211,20251227,658.2,'P',260.4,NULL,NULL,'2022-08-21 12:39:24',20231113,20231212,'O','C')
INSERT INTO [dbo].[OpenPosition] VALUES ('M00113',20230930,'GH',1573,20250109,1359.6,'P',908.6,NULL,NULL,'2023-11-13 12:39:24',20231129,20231111,'O','C')
INSERT INTO [dbo].[OpenPosition] VALUES ('M00112',20231030,'COP',1854,20260324,1800,'C',1050.6,NULL,NULL,'2023-07-03 12:39:24',20231102,20231103,'O','C')
INSERT INTO [dbo].[OpenPosition] VALUES ('M00112',20231023,'BLDR',1632,20240318,382.4,'C',836.2,NULL,NULL,'2023-05-16 12:39:24',20231202,20231119,'O','C')
INSERT INTO [dbo].[OpenPosition] VALUES ('M00125',20231104,'COTY',858,20240430,1910.2,'C',1745.8,NULL,NULL,'2023-10-11 12:39:24',20231105,20231028,'O','C')
INSERT INTO [dbo].[OpenPosition] VALUES ('M00119',20230916,'INSP',1536,20260318,873.6,'C',1324.4,NULL,NULL,'2023-08-17 12:39:24',20231014,20230924,'O','C')
INSERT INTO [dbo].[OpenPosition] VALUES ('M00120',20231026,'TCOM',2752,20260102,1494.2,'C',1499.4,NULL,NULL,'2022-10-27 12:39:24',20231015,20231210,'O','C')
INSERT INTO [dbo].[OpenPosition] VALUES ('M00119',20231129,'BLDR',1761,20241105,1384.8,'C',1701.4,NULL,NULL,'2023-03-10 12:39:24',20231123,20231202,'O','C')
INSERT INTO [dbo].[OpenPosition] VALUES ('M00127',20231001,'THV',658,20250706,1392.4,'P',1105.6,NULL,NULL,'2023-02-28 12:39:24',20231109,20231125,'O','C')
INSERT INTO [dbo].[OpenPosition] VALUES ('M00110',20230930,'WDC',1160,20260411,88.6,'C',1422.6,NULL,NULL,'2023-11-23 12:39:24',20231004,20231025,'O','C')
INSERT INTO [dbo].[OpenPosition] VALUES ('M00112',20231002,'ADSK',865,20240516,1908.2,'C',458.4,NULL,NULL,'2023-12-09 12:39:24',20231116,20231013,'O','C')
INSERT INTO [dbo].[OpenPosition] VALUES ('M00121',20231113,'SMO',2452,20251021,607.8,'C',661.6,NULL,NULL,'2023-08-04 12:39:24',20231123,20230919,'O','C')
INSERT INTO [dbo].[OpenPosition] VALUES ('M00118',20231108,'HOU',60,20251111,1169,'P',1491.8,NULL,NULL,'2022-12-17 12:39:24',20231002,20231018,'O','C')
INSERT INTO [dbo].[OpenPosition] VALUES ('M00103',20231126,'AZN',24,20251015,1869.6,'P',735.2,NULL,NULL,'2023-07-26 12:39:24',20230910,20231016,'O','C')
INSERT INTO [dbo].[OpenPosition] VALUES ('M00120',20231120,'DV',2170,20250921,327.6,'P',1677.6,NULL,NULL,'2023-12-16 12:39:24',20231027,20231010,'O','C')
INSERT INTO [dbo].[OpenPosition] VALUES ('M00109',20231011,'OMF',1658,20250203,1009,'P',1341.8,NULL,NULL,'2023-06-21 12:39:24',20230929,20230927,'O','C')
INSERT INTO [dbo].[OpenPosition] VALUES ('M00127',20231021,'IWM',2151,20240605,980,'P',1553.6,NULL,NULL,'2023-09-03 12:39:24',20231203,20231217,'O','C')
INSERT INTO [dbo].[OpenPosition] VALUES ('M00121',20230921,'TCOM',2396,20240817,789.4,'P',1215.8,NULL,NULL,'2023-01-28 12:39:24',20231112,20231212,'O','C')
INSERT INTO [dbo].[OpenPosition] VALUES ('M00111',20231214,'WM',2553,20260310,1879.4,'P',367,NULL,NULL,'2023-11-21 12:39:24',20231120,20231031,'O','C')
INSERT INTO [dbo].[OpenPosition] VALUES ('M00128',20231130,'XEL',2410,20260730,1075.8,'P',298.6,NULL,NULL,'2022-12-09 12:39:24',20231022,20231209,'O','C')
INSERT INTO [dbo].[OpenPosition] VALUES ('M00123',20231114,'BCYC',2522,20260126,1604.4,'C',1385.2,NULL,NULL,'2023-07-29 12:39:24',20230911,20231001,'O','C')
INSERT INTO [dbo].[OpenPosition] VALUES ('M00109',20231204,'DE',2709,20240402,1190.4,'P',1251.6,NULL,NULL,'2022-09-19 12:39:24',20230929,20231018,'O','C')
INSERT INTO [dbo].[OpenPosition] VALUES ('M00128',20231207,'XP',2391,20260629,308.6,'P',1807.2,NULL,NULL,'2023-05-02 12:39:24',20230926,20231003,'O','C')
INSERT INTO [dbo].[OpenPosition] VALUES ('M00103',20231026,'CAT',876,20240126,82.4,'C',331,NULL,NULL,'2023-06-03 12:39:24',20231012,20230911,'O','C')
INSERT INTO [dbo].[OpenPosition] VALUES ('M00118',20231108,'AMAT',2696,20250405,1965.4,'P',689.4,NULL,NULL,'2023-03-23 12:39:24',20231201,20231203,'O','C')
INSERT INTO [dbo].[OpenPosition] VALUES ('M00102',20231005,'AMBA',1756,20251025,521.8,'C',669.6,NULL,NULL,'2023-01-11 12:39:24',20231022,20231209,'O','C')
INSERT INTO [dbo].[OpenPosition] VALUES ('M00119',20231027,'TTD',691,20260225,602.2,'C',922.8,NULL,NULL,'2023-09-10 12:39:24',20231119,20230927,'O','C')
INSERT INTO [dbo].[OpenPosition] VALUES ('M00123',20231101,'RBLX',1539,20251130,139.6,'C',229.8,NULL,NULL,'2023-03-20 12:39:24',20231005,20231016,'O','C')
INSERT INTO [dbo].[OpenPosition] VALUES ('M00127',20231125,'SPX',2809,20260824,991,'C',397.2,NULL,NULL,'2023-01-25 12:39:24',20231102,20230916,'O','C')
INSERT INTO [dbo].[OpenPosition] VALUES ('M00118',20231016,'BABA',472,20260811,1191,'C',2.6,NULL,NULL,'2023-06-24 12:39:24',20231218,20231119,'O','C')
INSERT INTO [dbo].[OpenPosition] VALUES ('M00115',20230925,'AMBA',161,20260405,1631.2,'C',1592.6,NULL,NULL,'2023-04-01 12:39:24',20230926,20230920,'O','C')
INSERT INTO [dbo].[OpenPosition] VALUES ('M00105',20231217,'XP',1764,20240824,337,'C',274.2,NULL,NULL,'2023-08-25 12:39:24',20231218,20230926,'O','C')
INSERT INTO [dbo].[OpenPosition] VALUES ('M00113',20231006,'ETN',1716,20250623,1878.4,'C',1093.8,NULL,NULL,'2023-04-04 12:39:24',20231026,20231114,'O','C')
INSERT INTO [dbo].[OpenPosition] VALUES ('M00118',20231203,'K',921,20251229,1658.6,'P',1383.6,NULL,NULL,'2022-08-31 12:39:24',20231124,20231117,'O','C')
INSERT INTO [dbo].[OpenPosition] VALUES ('M00104',20231105,'UNH',2775,20250623,1449.4,'C',911.6,NULL,NULL,'2023-06-07 12:39:24',20231206,20231018,'O','C')
INSERT INTO [dbo].[OpenPosition] VALUES ('M00103',20231018,'HADI',133,20250618,658.6,'C',1367,NULL,NULL,'2022-12-22 12:39:24',20230929,20231116,'O','C')
INSERT INTO [dbo].[OpenPosition] VALUES ('M00108',20230930,'THV',1579,20260307,613.6,'C',1365.4,NULL,NULL,'2023-06-11 12:39:24',20230923,20231031,'O','C')
INSERT INTO [dbo].[OpenPosition] VALUES ('M00124',20231201,'ADSK',1754,20250116,940.4,'C',1837.4,NULL,NULL,'2022-10-21 12:39:24',20231001,20230917,'O','C')
INSERT INTO [dbo].[OpenPosition] VALUES ('M00107',20231127,'J',2612,20250105,1068.4,'P',629.8,NULL,NULL,'2023-07-17 12:39:24',20231210,20231210,'O','C')
INSERT INTO [dbo].[OpenPosition] VALUES ('M00123',20231016,'TTD',1510,20240127,997.2,'P',1627.4,NULL,NULL,'2023-07-19 12:39:24',20230914,20231128,'O','C')
INSERT INTO [dbo].[OpenPosition] VALUES ('M00103',20230915,'SU3',264,20250707,842.8,'C',1020,NULL,NULL,'2023-09-05 12:39:24',20231105,20231213,'O','C')
INSERT INTO [dbo].[OpenPosition] VALUES ('M00116',20230926,'CMS',345,20260529,430.2,'P',1474.4,NULL,NULL,'2023-12-12 12:39:24',20230924,20231103,'O','C')
INSERT INTO [dbo].[OpenPosition] VALUES ('M00108',20231206,'BLDR',602,20250917,634.8,'P',792,NULL,NULL,'2023-01-16 12:39:24',20231118,20231119,'O','C')
INSERT INTO [dbo].[OpenPosition] VALUES ('M00104',20231018,'MGM',1691,20260315,455.8,'P',1467,NULL,NULL,'2022-08-07 12:39:24',20230914,20230928,'O','C')
INSERT INTO [dbo].[OpenPosition] VALUES ('M00105',20231211,'CAT',1075,20240318,244.4,'C',732.4,NULL,NULL,'2023-04-23 12:39:24',20231124,20230915,'O','C')
INSERT INTO [dbo].[OpenPosition] VALUES ('M00123',20231104,'OMF',2972,20260216,1545.2,'C',1469.4,NULL,NULL,'2023-10-20 12:39:24',20231130,20231103,'O','C')
INSERT INTO [dbo].[OpenPosition] VALUES ('M00115',20231126,'SMO',396,20241201,1414.2,'C',764.6,NULL,NULL,'2023-08-30 12:39:24',20231116,20231102,'O','C')
INSERT INTO [dbo].[OpenPosition] VALUES ('M00119',20231020,'COP',1411,20260131,1515,'C',1773,NULL,NULL,'2023-12-01 12:39:24',20231028,20231122,'O','C')
INSERT INTO [dbo].[OpenPosition] VALUES ('M00100',20231122,'MHTX',995,20260405,906.4,'C',1392.6,NULL,NULL,'2023-03-05 12:39:24',20231117,20230925,'O','C')
INSERT INTO [dbo].[OpenPosition] VALUES ('M00128',20230929,'AAPL',1774,20250501,1482,'C',1143,NULL,NULL,'2023-01-18 12:39:24',20231119,20230917,'O','C')
INSERT INTO [dbo].[OpenPosition] VALUES ('M00102',20231019,'ELAN',2958,20260913,1862.4,'C',1118.6,NULL,NULL,'2023-03-16 12:39:24',20231012,20231212,'O','C')
INSERT INTO [dbo].[OpenPosition] VALUES ('M00118',20231115,'TLT',974,20241218,1322.6,'P',1829.4,NULL,NULL,'2023-03-25 12:39:24',20231119,20231029,'O','C')
INSERT INTO [dbo].[OpenPosition] VALUES ('M00113',20231030,'SPX',816,20260712,733.6,'P',722.6,NULL,NULL,'2023-08-10 12:39:24',20231120,20231122,'O','C')
INSERT INTO [dbo].[OpenPosition] VALUES ('M00112',20231007,'WM',2141,20240204,1893.8,'P',966,NULL,NULL,'2023-11-01 12:39:24',20231110,20231012,'O','C')
INSERT INTO [dbo].[OpenPosition] VALUES ('M00106',20231206,'INSP',580,20250914,759,'C',1839,NULL,NULL,'2023-07-06 12:39:24',20231018,20231218,'O','C')
INSERT INTO [dbo].[OpenPosition] VALUES ('M00100',20230930,'IGT',788,20260104,51.8,'C',701.8,NULL,NULL,'2023-02-12 12:39:24',20230915,20231005,'O','C')
INSERT INTO [dbo].[OpenPosition] VALUES ('M00117',20230910,'FLH',818,20250603,356.6,'C',1947.4,NULL,NULL,'2023-11-30 12:39:24',20231127,20231009,'O','C')
INSERT INTO [dbo].[OpenPosition] VALUES ('M00113',20231113,'J',1760,20241227,1636,'C',472.8,NULL,NULL,'2023-03-29 12:39:24',20231006,20231130,'O','C')
INSERT INTO [dbo].[OpenPosition] VALUES ('M00124',20231023,'MAT',355,20250512,1433,'P',1401,NULL,NULL,'2023-08-15 12:39:24',20231029,20230910,'O','C')
INSERT INTO [dbo].[OpenPosition] VALUES ('M00116',20230917,'XYL',1975,20240909,27.8,'C',158.8,NULL,NULL,'2022-10-07 12:39:24',20231031,20231112,'O','C')
INSERT INTO [dbo].[OpenPosition] VALUES ('M00119',20231127,'UN',2321,20260724,1638.8,'P',1322.6,NULL,NULL,'2023-05-02 12:39:24',20231104,20230910,'O','C')
INSERT INTO [dbo].[OpenPosition] VALUES ('M00111',20231004,'TTD',1405,20260629,1665.6,'P',1832.6,NULL,NULL,'2023-03-16 12:39:24',20231207,20231203,'O','C')
INSERT INTO [dbo].[OpenPosition] VALUES ('M00104',20231115,'VMW',433,20260628,1666.6,'C',439.8,NULL,NULL,'2022-10-10 12:39:24',20231214,20231011,'O','C')
INSERT INTO [dbo].[OpenPosition] VALUES ('M00117',20231118,'AZEK',679,20240222,1006,'P',1434.4,NULL,NULL,'2023-12-12 12:39:24',20231105,20230914,'O','C')
INSERT INTO [dbo].[OpenPosition] VALUES ('M00127',20231202,'AAPL',2168,20250411,663.4,'P',1737,NULL,NULL,'2023-01-13 12:39:24',20230916,20231111,'O','C')
INSERT INTO [dbo].[OpenPosition] VALUES ('M00120',20231107,'ETN',1184,20241006,283,'C',1388.4,NULL,NULL,'2023-09-26 12:39:24',20231204,20231110,'O','C')
INSERT INTO [dbo].[OpenPosition] VALUES ('M00112',20230911,'WDC',558,20260410,43.6,'P',507,NULL,NULL,'2023-08-29 12:39:24',20231031,20231118,'O','C')
INSERT INTO [dbo].[OpenPosition] VALUES ('M00120',20231130,'AMAT',1214,20251017,1707,'C',867.8,NULL,NULL,'2023-12-04 12:39:24',20230922,20231012,'O','C')
INSERT INTO [dbo].[OpenPosition] VALUES ('M00103',20230930,'AMBA',785,20260903,868.2,'C',957.6,NULL,NULL,'2023-11-26 12:39:24',20231101,20231212,'O','C')
INSERT INTO [dbo].[OpenPosition] VALUES ('M00106',20231101,'LLY',1905,20260218,978.2,'P',1587.4,NULL,NULL,'2022-09-03 12:39:24',20230925,20230920,'O','C')
INSERT INTO [dbo].[OpenPosition] VALUES ('M00119',20230929,'VMW',1937,20240216,760.6,'P',432.4,NULL,NULL,'2022-08-24 12:39:24',20231218,20231016,'O','C')
INSERT INTO [dbo].[OpenPosition] VALUES ('M00112',20231018,'DXJ',383,20260731,246.8,'C',817.6,NULL,NULL,'2023-12-18 12:39:24',20231010,20231105,'O','C')
INSERT INTO [dbo].[OpenPosition] VALUES ('M00123',20231012,'MNTS',2879,20260824,820.6,'P',444.6,NULL,NULL,'2023-06-11 12:39:24',20231016,20231125,'O','C')
INSERT INTO [dbo].[OpenPosition] VALUES ('M00122',20231130,'CMS',1457,20260727,1098.6,'P',677.8,NULL,NULL,'2022-12-12 12:39:24',20231129,20231120,'O','C')
INSERT INTO [dbo].[OpenPosition] VALUES ('M00113',20231005,'ETN',2756,20241125,1220.6,'C',80.4,NULL,NULL,'2022-08-26 12:39:24',20231028,20230930,'O','C')
INSERT INTO [dbo].[OpenPosition] VALUES ('M00128',20231218,'MTB',1437,20240320,1060.2,'P',1294.2,NULL,NULL,'2023-06-12 12:39:24',20231216,20230913,'O','C')
INSERT INTO [dbo].[OpenPosition] VALUES ('M00110',20231102,'NNAC',719,20260314,605.4,'C',150.8,NULL,NULL,'2023-12-03 12:39:24',20231030,20231030,'O','C')
INSERT INTO [dbo].[OpenPosition] VALUES ('M00123',20231023,'AAPL',2323,20250316,155.6,'P',1282.6,NULL,NULL,'2023-04-14 12:39:24',20230919,20231201,'O','C')
INSERT INTO [dbo].[OpenPosition] VALUES ('M00122',20230914,'LLY',1963,20260306,203.4,'P',819.8,NULL,NULL,'2022-12-10 12:39:24',20231119,20231016,'O','C')
INSERT INTO [dbo].[OpenPosition] VALUES ('M00103',20231101,'J',572,20260121,1248.2,'P',465.2,NULL,NULL,'2022-11-04 12:39:24',20231207,20231123,'O','C')
INSERT INTO [dbo].[OpenPosition] VALUES ('M00115',20231218,'AZN',1914,20240905,1223.8,'P',86.8,NULL,NULL,'2023-04-04 12:39:24',20231101,20231025,'O','C')
INSERT INTO [dbo].[OpenPosition] VALUES ('M00122',20231019,'OMF',112,20241005,1497.6,'P',1318.4,NULL,NULL,'2023-11-25 12:39:24',20231009,20231215,'O','C')
INSERT INTO [dbo].[OpenPosition] VALUES ('M00106',20231018,'SHW',1714,20260420,1896.6,'C',905.6,NULL,NULL,'2023-03-29 12:39:24',20231026,20230917,'O','C')
INSERT INTO [dbo].[OpenPosition] VALUES ('M00123',20231008,'VHT',970,20240225,85.6,'P',1032.4,NULL,NULL,'2023-08-04 12:39:24',20231115,20231030,'O','C')
INSERT INTO [dbo].[OpenPosition] VALUES ('M00128',20231216,'TLT',1109,20251110,1990.2,'C',1506.6,NULL,NULL,'2022-11-18 12:39:24',20230921,20231203,'O','C')
INSERT INTO [dbo].[OpenPosition] VALUES ('M00109',20231028,'FLH',1448,20240524,1615.4,'C',399.2,NULL,NULL,'2023-07-17 12:39:24',20231021,20231118,'O','C')
INSERT INTO [dbo].[OpenPosition] VALUES ('M00124',20231025,'SPR',787,20260725,199.6,'P',1127.2,NULL,NULL,'2022-12-23 12:39:24',20231205,20231005,'O','C')
INSERT INTO [dbo].[OpenPosition] VALUES ('M00127',20231028,'IWM',2909,20250415,1064.2,'P',581.8,NULL,NULL,'2022-12-26 12:39:24',20231028,20231116,'O','C')
INSERT INTO [dbo].[OpenPosition] VALUES ('M00125',20231216,'TCOM',1419,20260506,109.4,'P',1203.4,NULL,NULL,'2022-09-24 12:39:24',20230919,20231209,'O','C')
INSERT INTO [dbo].[OpenPosition] VALUES ('M00108',20231202,'ETN',1101,20250817,782.8,'C',1797.8,NULL,NULL,'2022-09-29 12:39:24',20231124,20231011,'O','C')
INSERT INTO [dbo].[OpenPosition] VALUES ('M00122',20231203,'BCYC',1181,20260802,107.6,'C',1833.4,NULL,NULL,'2023-01-12 12:39:24',20230929,20231010,'O','C')
INSERT INTO [dbo].[OpenPosition] VALUES ('M00124',20231208,'ZTO',2820,20260319,442,'P',1261.6,NULL,NULL,'2023-04-13 12:39:24',20231102,20231111,'O','C')
INSERT INTO [dbo].[OpenPosition] VALUES ('M00126',20231106,'VMW',2634,20240227,1812.6,'P',885.6,NULL,NULL,'2023-07-06 12:39:24',20231011,20231006,'O','C')
INSERT INTO [dbo].[OpenPosition] VALUES ('M00106',20230919,'MTB',1376,20250713,846.8,'C',1358.2,NULL,NULL,'2023-04-18 12:39:24',20231021,20231204,'O','C')
INSERT INTO [dbo].[OpenPosition] VALUES ('M00122',20231006,'UNH',1983,20250401,1029.8,'P',1521.6,NULL,NULL,'2023-02-26 12:39:24',20231003,20230917,'O','C')
INSERT INTO [dbo].[OpenPosition] VALUES ('M00106',20230916,'IOVA',991,20250104,54.6,'C',1064.8,NULL,NULL,'2023-08-10 12:39:24',20231206,20231003,'O','C')
INSERT INTO [dbo].[OpenPosition] VALUES ('M00124',20231009,'MAT',2612,20240928,1808.6,'C',1656.6,NULL,NULL,'2023-04-25 12:39:24',20231008,20231029,'O','C')
INSERT INTO [dbo].[OpenPosition] VALUES ('M00123',20231211,'THV',2337,20241123,767.2,'C',1520.6,NULL,NULL,'2023-05-10 12:39:24',20231201,20231102,'O','C')
INSERT INTO [dbo].[OpenPosition] VALUES ('M00105',20230916,'IWM',2808,20260329,1477.4,'P',932.2,NULL,NULL,'2023-08-24 12:39:24',20231008,20230925,'O','C')
INSERT INTO [dbo].[OpenPosition] VALUES ('M00107',20231209,'AAL',1422,20250330,741.4,'P',961.6,NULL,NULL,'2022-10-17 12:39:24',20231011,20231012,'O','C')
INSERT INTO [dbo].[OpenPosition] VALUES ('M00115',20231112,'COP',675,20250827,197,'C',1368.8,NULL,NULL,'2023-11-18 12:39:24',20231008,20231109,'O','C')
INSERT INTO [dbo].[OpenPosition] VALUES ('M00102',20231025,'MGM',2026,20251107,466.6,'C',467.2,NULL,NULL,'2023-11-04 12:39:24',20231106,20231121,'O','C')
INSERT INTO [dbo].[OpenPosition] VALUES ('M00126',20231210,'PFQ',1971,20241202,1678,'C',269.2,NULL,NULL,'2023-04-05 12:39:24',20231217,20231007,'O','C')
INSERT INTO [dbo].[OpenPosition] VALUES ('M00105',20231005,'SHEL',1798,20250909,706.2,'P',1537.4,NULL,NULL,'2023-05-15 12:39:24',20231125,20231214,'O','C')
INSERT INTO [dbo].[OpenPosition] VALUES ('M00121',20231013,'PLUG',796,20250105,1343.4,'P',587,NULL,NULL,'2022-10-13 12:39:24',20231211,20231124,'O','C')
INSERT INTO [dbo].[OpenPosition] VALUES ('M00105',20230910,'UN',559,20240904,690,'C',1690.2,NULL,NULL,'2023-11-13 12:39:24',20231201,20231211,'O','C')
INSERT INTO [dbo].[OpenPosition] VALUES ('M00108',20231112,'DE',2460,20240419,1923.2,'C',1254.4,NULL,NULL,'2022-11-25 12:39:24',20230912,20231201,'O','C')
INSERT INTO [dbo].[OpenPosition] VALUES ('M00128',20231218,'SPR',879,20240911,170.2,'P',1729,NULL,NULL,'2023-08-21 12:39:24',20231108,20231104,'O','C')
INSERT INTO [dbo].[OpenPosition] VALUES ('M00104',20231012,'MGM',640,20240725,1671.2,'P',1949.4,NULL,NULL,'2023-04-01 12:39:24',20231109,20230911,'O','C')
INSERT INTO [dbo].[OpenPosition] VALUES ('M00123',20231105,'SOXL',2808,20250823,339.4,'P',313.2,NULL,NULL,'2023-03-13 12:39:24',20231125,20231022,'O','C')
INSERT INTO [dbo].[OpenPosition] VALUES ('M00124',20231027,'BBBY',2429,20260316,1168.6,'P',1804.2,NULL,NULL,'2023-02-03 12:39:24',20231031,20231021,'O','C')
INSERT INTO [dbo].[OpenPosition] VALUES ('M00116',20231204,'DDD',1165,20240318,6.6,'C',397.8,NULL,NULL,'2023-10-01 12:39:24',20231030,20231116,'O','C')
INSERT INTO [dbo].[OpenPosition] VALUES ('M00109',20231015,'K',1101,20250530,262.8,'C',1118.8,NULL,NULL,'2023-01-14 12:39:24',20231027,20231127,'O','C')
INSERT INTO [dbo].[OpenPosition] VALUES ('M00113',20231009,'MAT',2201,20250223,269,'P',417.4,NULL,NULL,'2023-07-28 12:39:24',20231019,20231005,'O','C')
INSERT INTO [dbo].[OpenPosition] VALUES ('M00106',20231126,'ARCC',1425,20251125,1418.8,'P',1834.2,NULL,NULL,'2022-12-17 12:39:24',20230922,20231019,'O','C')
INSERT INTO [dbo].[OpenPosition] VALUES ('M00118',20230927,'MGM',588,20250228,1314.4,'C',847,NULL,NULL,'2022-08-19 12:39:24',20231210,20231203,'O','C')
INSERT INTO [dbo].[OpenPosition] VALUES ('M00121',20231007,'BBBY',1544,20240728,1130.8,'C',1238.2,NULL,NULL,'2022-11-20 12:39:24',20231028,20230918,'O','C')
INSERT INTO [dbo].[OpenPosition] VALUES ('M00108',20230911,'PLUG',1900,20260129,626.4,'P',46.2,NULL,NULL,'2023-03-31 12:39:24',20231112,20231126,'O','C')
INSERT INTO [dbo].[OpenPosition] VALUES ('M00122',20231114,'HOU',22,20240822,448.6,'P',609,NULL,NULL,'2023-01-13 12:39:24',20231127,20231008,'O','C')
INSERT INTO [dbo].[OpenPosition] VALUES ('M00117',20231120,'UNH',1110,20250703,721,'C',654.4,NULL,NULL,'2022-10-26 12:39:24',20231027,20231207,'O','C')
INSERT INTO [dbo].[OpenPosition] VALUES ('M00118',20231208,'FLH',2418,20250128,1773,'C',1862.2,NULL,NULL,'2023-11-03 12:39:24',20231126,20230919,'O','C')
INSERT INTO [dbo].[OpenPosition] VALUES ('M00115',20231127,'SPX',399,20251008,1732,'C',273,NULL,NULL,'2023-09-29 12:39:24',20231213,20230920,'O','C')
INSERT INTO [dbo].[OpenPosition] VALUES ('M00114',20231104,'STEM',614,20251128,464,'C',1952,NULL,NULL,'2023-08-05 12:39:24',20230911,20231021,'O','C')
INSERT INTO [dbo].[OpenPosition] VALUES ('M00125',20231110,'XYL',1231,20250918,1945.2,'C',536,NULL,NULL,'2023-07-29 12:39:24',20231201,20231116,'O','C')
INSERT INTO [dbo].[OpenPosition] VALUES ('M00124',20231031,'IR',1605,20260301,1789.4,'P',1674.6,NULL,NULL,'2023-03-25 12:39:24',20231001,20231106,'O','C')
INSERT INTO [dbo].[OpenPosition] VALUES ('M00108',20231027,'IGT',1671,20250602,533,'P',91,NULL,NULL,'2023-01-28 12:39:24',20231002,20231107,'O','C')
INSERT INTO [dbo].[OpenPosition] VALUES ('M00100',20231206,'CMS',1784,20260529,103.6,'P',1156,NULL,NULL,'2023-05-24 12:39:24',20231118,20231023,'O','C')
INSERT INTO [dbo].[OpenPosition] VALUES ('M00118',20230910,'UN',63,20250816,742,'P',1683.2,NULL,NULL,'2023-05-28 12:39:24',20231218,20231122,'O','C')
INSERT INTO [dbo].[OpenPosition] VALUES ('M00119',20230913,'DV',2401,20240922,434.6,'P',134.2,NULL,NULL,'2023-03-15 12:39:24',20230915,20231108,'O','C')
INSERT INTO [dbo].[OpenPosition] VALUES ('M00101',20230920,'T',273,20250110,197,'P',1782.8,NULL,NULL,'2023-12-05 12:39:24',20230918,20231017,'O','C')
INSERT INTO [dbo].[OpenPosition] VALUES ('M00124',20231023,'TCOM',2292,20241127,487.4,'C',1156.2,NULL,NULL,'2023-03-29 12:39:24',20231026,20230919,'O','C')
INSERT INTO [dbo].[OpenPosition] VALUES ('M00126',20231202,'SHEL',1340,20240129,1976,'P',1406.2,NULL,NULL,'2023-09-13 12:39:24',20231212,20231103,'O','C')
INSERT INTO [dbo].[OpenPosition] VALUES ('M00111',20231125,'XRX',775,20260215,1599.8,'C',998.4,NULL,NULL,'2023-07-21 12:39:24',20231013,20231214,'O','C')
INSERT INTO [dbo].[OpenPosition] VALUES ('M00122',20230929,'OMF',254,20260901,978.4,'P',651,NULL,NULL,'2023-10-14 12:39:24',20230912,20231019,'O','C')
INSERT INTO [dbo].[OpenPosition] VALUES ('M00128',20231022,'OMF',159,20240811,452.2,'C',836,NULL,NULL,'2023-11-23 12:39:24',20230918,20231111,'O','C')
INSERT INTO [dbo].[OpenPosition] VALUES ('M00109',20231024,'NOC',1649,20251022,17.8,'P',1144.4,NULL,NULL,'2023-12-09 12:39:24',20231023,20231215,'O','C')
INSERT INTO [dbo].[OpenPosition] VALUES ('M00115',20231125,'PXD',2109,20240808,1397.6,'C',1005.6,NULL,NULL,'2022-09-06 12:39:24',20231120,20231008,'O','C')
INSERT INTO [dbo].[OpenPosition] VALUES ('M00124',20231024,'BABA',1856,20240512,37.4,'P',111.6,NULL,NULL,'2023-08-16 12:39:24',20230910,20231202,'O','C')
INSERT INTO [dbo].[OpenPosition] VALUES ('M00120',20231123,'IWM',1674,20250825,12,'C',1696.6,NULL,NULL,'2023-01-01 12:39:24',20231020,20231117,'O','C')
INSERT INTO [dbo].[OpenPosition] VALUES ('M00113',20231028,'SOXL',1630,20240616,1485.6,'C',1259.2,NULL,NULL,'2023-05-16 12:39:24',20231118,20231205,'O','C')
INSERT INTO [dbo].[OpenPosition] VALUES ('M00126',20231108,'PARA',690,20251021,513.6,'C',1226,NULL,NULL,'2023-11-24 12:39:24',20231107,20231213,'O','C')
INSERT INTO [dbo].[OpenPosition] VALUES ('M00101',20231006,'UN',1093,20240410,1974.6,'P',1506.8,NULL,NULL,'2023-03-24 12:39:24',20231126,20231122,'O','C')
INSERT INTO [dbo].[OpenPosition] VALUES ('M00124',20230927,'OMF',2183,20240529,1667.6,'P',599,NULL,NULL,'2023-10-22 12:39:24',20231112,20231202,'O','C')
INSERT INTO [dbo].[OpenPosition] VALUES ('M00122',20231105,'IFW',1176,20260110,1867.2,'C',1715,NULL,NULL,'2023-01-12 12:39:24',20231109,20231201,'O','C')
INSERT INTO [dbo].[OpenPosition] VALUES ('M00116',20231121,'HADI',1004,20240926,1944.6,'P',243,NULL,NULL,'2023-06-28 12:39:24',20231203,20230916,'O','C')
INSERT INTO [dbo].[OpenPosition] VALUES ('M00108',20231204,'IOVA',403,20260514,818.8,'C',664.2,NULL,NULL,'2023-10-19 12:39:24',20231014,20231027,'O','C')
INSERT INTO [dbo].[OpenPosition] VALUES ('M00114',20231209,'XP',2885,20260308,1572.4,'P',485.4,NULL,NULL,'2022-12-16 12:39:24',20231121,20231031,'O','C')
INSERT INTO [dbo].[OpenPosition] VALUES ('M00103',20231017,'SHW',1523,20250619,845.6,'P',1410.2,NULL,NULL,'2023-12-02 12:39:24',20231126,20231026,'O','C')
INSERT INTO [dbo].[OpenPosition] VALUES ('M00120',20231111,'MGM',1537,20250226,1536,'P',1484,NULL,NULL,'2022-09-08 12:39:24',20230914,20231007,'O','C')
INSERT INTO [dbo].[OpenPosition] VALUES ('M00127',20231031,'INSP',1551,20240321,1139,'C',287.4,NULL,NULL,'2022-11-05 12:39:24',20230922,20231022,'O','C')
INSERT INTO [dbo].[OpenPosition] VALUES ('M00101',20231112,'TCOM',2136,20260108,1611,'C',962,NULL,NULL,'2023-05-26 12:39:24',20230916,20231211,'O','C')
INSERT INTO [dbo].[OpenPosition] VALUES ('M00109',20231125,'HOUR',1379,20241030,1900,'C',466,NULL,NULL,'2023-09-03 12:39:24',20231102,20230913,'O','C')
INSERT INTO [dbo].[OpenPosition] VALUES ('M00121',20230929,'MHTX',2549,20250623,1522.2,'P',471.8,NULL,NULL,'2023-08-02 12:39:24',20231023,20231211,'O','C')
INSERT INTO [dbo].[OpenPosition] VALUES ('M00123',20231124,'JPM',942,20240422,884.8,'P',1687.2,NULL,NULL,'2022-09-29 12:39:24',20231024,20231010,'O','C')
INSERT INTO [dbo].[OpenPosition] VALUES ('M00108',20231127,'AZN',2926,20241201,1098.2,'P',450.8,NULL,NULL,'2022-11-24 12:39:24',20231113,20231011,'O','C')
INSERT INTO [dbo].[OpenPosition] VALUES ('M00106',20231207,'AAP',2430,20240926,328.2,'C',1113.8,NULL,NULL,'2023-07-12 12:39:24',20231103,20230930,'O','C')
INSERT INTO [dbo].[OpenPosition] VALUES ('M00110',20231011,'NOC',417,20240913,1672,'C',230.8,NULL,NULL,'2023-03-10 12:39:24',20231212,20231104,'O','C')
INSERT INTO [dbo].[OpenPosition] VALUES ('M00115',20231214,'ZTO',1642,20260603,1772,'C',1308,NULL,NULL,'2023-06-24 12:39:24',20230926,20231007,'O','C')
INSERT INTO [dbo].[OpenPosition] VALUES ('M00117',20231116,'CMS',198,20251118,1126,'C',567.6,NULL,NULL,'2023-08-14 12:39:24',20230914,20231110,'O','C')
INSERT INTO [dbo].[OpenPosition] VALUES ('M00115',20231014,'ARCC',2060,20240817,1698.4,'P',1027.8,NULL,NULL,'2022-09-11 12:39:24',20230923,20231015,'O','C')
INSERT INTO [dbo].[OpenPosition] VALUES ('M00124',20231027,'IR',1364,20250722,1439,'C',77.6,NULL,NULL,'2023-12-01 12:39:24',20230919,20231116,'O','C')
INSERT INTO [dbo].[OpenPosition] VALUES ('M00109',20231028,'MAT',1764,20260913,526.2,'C',711.2,NULL,NULL,'2023-09-06 12:39:24',20231112,20231118,'O','C')
INSERT INTO [dbo].[OpenPosition] VALUES ('M00113',20231217,'GH',1474,20250530,1730,'C',945.2,NULL,NULL,'2023-10-06 12:39:24',20231124,20231014,'O','C')
INSERT INTO [dbo].[OpenPosition] VALUES ('M00115',20230925,'VLY',1020,20250919,599.8,'C',255,NULL,NULL,'2022-11-28 12:39:24',20231012,20231005,'O','C')
INSERT INTO [dbo].[OpenPosition] VALUES ('M00110',20231020,'UNH',665,20250211,575.8,'C',1865,NULL,NULL,'2023-07-16 12:39:24',20231010,20231010,'O','C')
INSERT INTO [dbo].[OpenPosition] VALUES ('M00100',20231016,'PARA',1715,20260629,215.2,'C',1462.4,NULL,NULL,'2023-08-22 12:39:24',20231125,20230916,'O','C')
INSERT INTO [dbo].[OpenPosition] VALUES ('M00127',20231011,'XYL',2517,20241202,1783.4,'P',1191.4,NULL,NULL,'2023-06-23 12:39:24',20231208,20231114,'O','C')
INSERT INTO [dbo].[OpenPosition] VALUES ('M00123',20231014,'HOU',1169,20251109,215.4,'P',1822.2,NULL,NULL,'2023-05-30 12:39:24',20231111,20231022,'O','C')
INSERT INTO [dbo].[OpenPosition] VALUES ('M00124',20231114,'TCOM',2679,20250731,1760.8,'P',102.2,NULL,NULL,'2023-05-02 12:39:24',20230918,20231005,'O','C')
INSERT INTO [dbo].[OpenPosition] VALUES ('M00110',20231124,'COP',2216,20240216,1060.6,'C',1099.4,NULL,NULL,'2022-08-31 12:39:24',20231115,20231120,'O','C')
INSERT INTO [dbo].[OpenPosition] VALUES ('M00127',20231209,'IOVA',322,20250423,1524.4,'P',871,NULL,NULL,'2022-08-09 12:39:24',20231217,20231213,'O','C')
INSERT INTO [dbo].[OpenPosition] VALUES ('M00124',20231030,'J',2998,20250802,672,'P',1845.2,NULL,NULL,'2022-11-01 12:39:24',20231215,20231114,'O','C')
INSERT INTO [dbo].[OpenPosition] VALUES ('M00102',20231112,'AZN',731,20260114,1701,'P',502.4,NULL,NULL,'2023-09-17 12:39:24',20231027,20231027,'O','C')
INSERT INTO [dbo].[OpenPosition] VALUES ('M00112',20231021,'XEL',2732,20240210,1231.2,'P',695,NULL,NULL,'2023-02-17 12:39:24',20231203,20231113,'O','C')
INSERT INTO [dbo].[OpenPosition] VALUES ('M00102',20231113,'PLUG',615,20250413,564.4,'C',1612.8,NULL,NULL,'2023-08-14 12:39:24',20231125,20230919,'O','C')
INSERT INTO [dbo].[OpenPosition] VALUES ('M00105',20231028,'XEL',2214,20240613,158.2,'C',439,NULL,NULL,'2023-12-04 12:39:24',20230917,20230924,'O','C')
INSERT INTO [dbo].[OpenPosition] VALUES ('M00100',20231005,'AAPL',502,20240409,452.4,'P',550.2,NULL,NULL,'2023-04-11 12:39:24',20231013,20231211,'O','C')
INSERT INTO [dbo].[OpenPosition] VALUES ('M00103',20230922,'DXJ',996,20260627,1659.6,'C',1297.4,NULL,NULL,'2022-09-05 12:39:24',20231109,20231005,'O','C')
INSERT INTO [dbo].[OpenPosition] VALUES ('M00118',20231116,'UNH',1704,20241126,1919.8,'P',84.2,NULL,NULL,'2023-07-25 12:39:24',20231022,20231204,'O','C')
INSERT INTO [dbo].[OpenPosition] VALUES ('M00115',20231210,'TTD',2382,20260703,1731.4,'P',212,NULL,NULL,'2022-11-12 12:39:24',20231016,20231107,'O','C')
INSERT INTO [dbo].[OpenPosition] VALUES ('M00118',20231121,'PLUG',351,20250517,1395,'P',335.6,NULL,NULL,'2022-08-26 12:39:24',20231211,20231006,'O','C')
INSERT INTO [dbo].[OpenPosition] VALUES ('M00111',20231127,'IR',65,20260112,799.6,'C',1100.8,NULL,NULL,'2023-03-24 12:39:24',20231026,20231206,'O','C')
INSERT INTO [dbo].[OpenPosition] VALUES ('M00121',20231111,'ADSK',2918,20250427,1709,'P',857.4,NULL,NULL,'2023-10-28 12:39:24',20231126,20231207,'O','C')
INSERT INTO [dbo].[OpenPosition] VALUES ('M00102',20231124,'XP',570,20251125,887.4,'P',563,NULL,NULL,'2023-08-04 12:39:24',20231009,20231206,'O','C')
INSERT INTO [dbo].[OpenPosition] VALUES ('M00125',20231011,'SHW',547,20250901,1374,'P',286,NULL,NULL,'2022-12-03 12:39:24',20231105,20231003,'O','C')
INSERT INTO [dbo].[OpenPosition] VALUES ('M00100',20231207,'COP',455,20260907,799.4,'C',1987.8,NULL,NULL,'2022-09-26 12:39:24',20231121,20231123,'O','C')
INSERT INTO [dbo].[OpenPosition] VALUES ('M00108',20231028,'NNAC',1765,20250920,1912.2,'C',1560.8,NULL,NULL,'2023-03-07 12:39:24',20231129,20231006,'O','C')
INSERT INTO [dbo].[OpenPosition] VALUES ('M00115',20231210,'VLY',629,20251105,1490.8,'P',1424.4,NULL,NULL,'2023-01-15 12:39:24',20231213,20231205,'O','C')
INSERT INTO [dbo].[OpenPosition] VALUES ('M00120',20231101,'STEM',2012,20240827,474.4,'C',1582.8,NULL,NULL,'2023-06-03 12:39:24',20231110,20230919,'O','C')
INSERT INTO [dbo].[OpenPosition] VALUES ('M00111',20230917,'DXJ',2343,20250612,310.2,'P',1156.6,NULL,NULL,'2023-07-23 12:39:24',20231110,20231201,'O','C')
INSERT INTO [dbo].[OpenPosition] VALUES ('M00116',20231206,'JPM',76,20241122,1666.4,'P',487.6,NULL,NULL,'2023-02-18 12:39:24',20230924,20231008,'O','C')
INSERT INTO [dbo].[OpenPosition] VALUES ('M00102',20231110,'JPM',920,20250819,396,'C',8.2,NULL,NULL,'2022-10-19 12:39:24',20231119,20231029,'O','C')
INSERT INTO [dbo].[OpenPosition] VALUES ('M00103',20231214,'PXD',187,20260524,291.8,'C',859,NULL,NULL,'2022-12-01 12:39:24',20230917,20231210,'O','C')
INSERT INTO [dbo].[OpenPosition] VALUES ('M00112',20231104,'XEL',2541,20251215,691.6,'C',1751.8,NULL,NULL,'2023-02-02 12:39:24',20231210,20231101,'O','C')
INSERT INTO [dbo].[OpenPosition] VALUES ('M00102',20230929,'BCYC',2357,20240509,559.2,'C',1337,NULL,NULL,'2022-12-11 12:39:24',20231113,20231003,'O','C')
INSERT INTO [dbo].[OpenPosition] VALUES ('M00117',20231130,'WDC',2032,20250702,796.2,'P',1486,NULL,NULL,'2023-08-31 12:39:24',20231016,20231030,'O','C')
INSERT INTO [dbo].[OpenPosition] VALUES ('M00109',20231011,'LLY',1411,20251227,221.2,'P',1976.4,NULL,NULL,'2022-08-29 12:39:24',20231023,20230918,'O','C')
INSERT INTO [dbo].[OpenPosition] VALUES ('M00102',20231211,'HOUR',1246,20260503,76.4,'P',1497.6,NULL,NULL,'2023-10-16 12:39:24',20231007,20231128,'O','C')
INSERT INTO [dbo].[OpenPosition] VALUES ('M00109',20231128,'SOXL',1157,20250607,1656.2,'P',968.8,NULL,NULL,'2023-02-05 12:39:24',20230910,20231011,'O','C')
INSERT INTO [dbo].[OpenPosition] VALUES ('M00101',20231121,'PXD',2779,20260813,1291,'C',852.8,NULL,NULL,'2022-10-04 12:39:24',20231002,20231017,'O','C')
INSERT INTO [dbo].[OpenPosition] VALUES ('M00126',20231214,'GPN',1720,20250219,140.4,'C',68.8,NULL,NULL,'2023-03-22 12:39:24',20230918,20231014,'O','C')
INSERT INTO [dbo].[OpenPosition] VALUES ('M00113',20231208,'BABA',1542,20260206,1546.2,'P',730.4,NULL,NULL,'2023-05-21 12:39:24',20230921,20231120,'O','C')
INSERT INTO [dbo].[OpenPosition] VALUES ('M00124',20231001,'XRX',2182,20250313,1634.2,'P',59.8,NULL,NULL,'2023-04-11 12:39:24',20231208,20231003,'O','C')
INSERT INTO [dbo].[OpenPosition] VALUES ('M00110',20231120,'AAL',379,20240812,1712,'P',55.8,NULL,NULL,'2023-03-09 12:39:24',20231117,20231206,'O','C')
INSERT INTO [dbo].[OpenPosition] VALUES ('M00110',20231117,'DXJ',2124,20260319,140.6,'P',804,NULL,NULL,'2023-11-16 12:39:24',20230916,20231112,'O','C')
INSERT INTO [dbo].[OpenPosition] VALUES ('M00107',20230916,'T',907,20240510,865.8,'C',862.4,NULL,NULL,'2023-08-27 12:39:24',20230910,20231009,'O','C')
INSERT INTO [dbo].[OpenPosition] VALUES ('M00101',20231128,'AZEK',283,20240417,1760.2,'P',787.4,NULL,NULL,'2023-04-07 12:39:24',20230927,20230918,'O','C')
INSERT INTO [dbo].[OpenPosition] VALUES ('M00102',20231026,'VMW',2543,20260510,1617,'P',1289,NULL,NULL,'2023-08-25 12:39:24',20231111,20231029,'O','C')
INSERT INTO [dbo].[OpenPosition] VALUES ('M00116',20231021,'DDD',1878,20240925,1101.6,'C',1929.8,NULL,NULL,'2023-07-29 12:39:24',20231121,20230916,'O','C')
INSERT INTO [dbo].[OpenPosition] VALUES ('M00101',20231016,'INSP',1217,20251218,3.8,'C',1002.4,NULL,NULL,'2022-12-21 12:39:24',20230910,20230911,'O','C')
INSERT INTO [dbo].[OpenPosition] VALUES ('M00121',20231011,'K',918,20260218,345.8,'P',736.6,NULL,NULL,'2023-04-12 12:39:24',20231013,20231031,'O','C')
INSERT INTO [dbo].[OpenPosition] VALUES ('M00117',20231017,'NVO',554,20250925,1011.6,'P',1568.6,NULL,NULL,'2023-11-17 12:39:24',20231024,20231114,'O','C')
INSERT INTO [dbo].[OpenPosition] VALUES ('M00109',20231215,'OSTK',75,20250626,1756.6,'C',640.2,NULL,NULL,'2023-01-18 12:39:24',20231218,20231212,'O','C')
INSERT INTO [dbo].[OpenPosition] VALUES ('M00127',20231021,'AAP',2183,20260530,1245.4,'C',978.6,NULL,NULL,'2023-01-25 12:39:24',20231117,20230910,'O','C')
INSERT INTO [dbo].[OpenPosition] VALUES ('M00110',20231114,'MGM',1222,20240505,1093,'C',848.6,NULL,NULL,'2022-10-27 12:39:24',20231215,20230925,'O','C')
INSERT INTO [dbo].[OpenPosition] VALUES ('M00111',20231130,'AAPL',103,20260324,886,'P',264.6,NULL,NULL,'2023-08-21 12:39:24',20231003,20231026,'O','C')
INSERT INTO [dbo].[OpenPosition] VALUES ('M00103',20231215,'VMW',1749,20250226,690.4,'C',775,NULL,NULL,'2022-09-29 12:39:24',20231006,20230924,'O','C')
INSERT INTO [dbo].[OpenPosition] VALUES ('M00127',20231008,'MNTS',1819,20250328,1740.8,'C',80.2,NULL,NULL,'2023-07-12 12:39:24',20230916,20230927,'O','C')
INSERT INTO [dbo].[OpenPosition] VALUES ('M00113',20231025,'MGM',252,20240916,386,'C',1802,NULL,NULL,'2022-12-13 12:39:24',20231102,20231016,'O','C')
INSERT INTO [dbo].[OpenPosition] VALUES ('M00101',20231206,'HADI',151,20240629,1554,'P',1033.4,NULL,NULL,'2022-10-19 12:39:24',20231127,20231013,'O','C')
INSERT INTO [dbo].[OpenPosition] VALUES ('M00122',20231021,'XP',537,20241018,1119.4,'C',1640.2,NULL,NULL,'2023-05-20 12:39:24',20231209,20230923,'O','C')
INSERT INTO [dbo].[OpenPosition] VALUES ('M00108',20231126,'IWM',1939,20260120,1648.8,'C',1893.4,NULL,NULL,'2023-06-20 12:39:24',20231020,20231020,'O','C')
INSERT INTO [dbo].[OpenPosition] VALUES ('M00121',20230918,'TSHA',5,20240608,426.6,'C',1418.8,NULL,NULL,'2022-09-26 12:39:24',20231218,20230915,'O','C')
INSERT INTO [dbo].[OpenPosition] VALUES ('M00112',20231108,'BABA',2457,20260702,1684,'P',1149.4,NULL,NULL,'2023-03-25 12:39:24',20231010,20231103,'O','C')
INSERT INTO [dbo].[OpenPosition] VALUES ('M00103',20230914,'DE',2311,20250112,1691.8,'P',1409.2,NULL,NULL,'2022-11-22 12:39:24',20231216,20231108,'O','C')
INSERT INTO [dbo].[OpenPosition] VALUES ('M00121',20231005,'BBBY',1833,20260307,1877,'C',704.2,NULL,NULL,'2023-11-05 12:39:24',20230917,20231012,'O','C')
INSERT INTO [dbo].[OpenPosition] VALUES ('M00122',20231023,'CAT',2691,20250706,377,'P',1318,NULL,NULL,'2023-11-09 12:39:24',20231122,20231006,'O','C')
INSERT INTO [dbo].[OpenPosition] VALUES ('M00121',20231011,'OSTK',52,20241223,586,'P',1820.6,NULL,NULL,'2023-11-17 12:39:24',20230910,20231023,'O','C')
INSERT INTO [dbo].[OpenPosition] VALUES ('M00108',20231112,'VMW',1833,20241118,1979.2,'C',746.2,NULL,NULL,'2023-01-10 12:39:24',20230930,20231213,'O','C')
INSERT INTO [dbo].[OpenPosition] VALUES ('M00104',20231214,'BABA',2978,20251117,298,'C',93.2,NULL,NULL,'2022-11-25 12:39:24',20231028,20231201,'O','C')
INSERT INTO [dbo].[OpenPosition] VALUES ('M00126',20230924,'NNAC',559,20260201,1505,'P',985,NULL,NULL,'2023-08-20 12:39:24',20230913,20231001,'O','C')
INSERT INTO [dbo].[OpenPosition] VALUES ('M00109',20230918,'IGT',266,20260630,329.6,'P',1670.6,NULL,NULL,'2023-09-18 12:39:24',20231024,20231210,'O','C')
INSERT INTO [dbo].[OpenPosition] VALUES ('M00120',20231021,'CMS',665,20250108,116.8,'P',1995,NULL,NULL,'2023-12-10 12:39:24',20231121,20231019,'O','C')
INSERT INTO [dbo].[OpenPosition] VALUES ('M00118',20230927,'INSP',951,20250326,116.2,'P',708,NULL,NULL,'2023-11-29 12:39:24',20231128,20231023,'O','C')
INSERT INTO [dbo].[OpenPosition] VALUES ('M00117',20231202,'BABA',1000,20240227,919.8,'P',1896.8,NULL,NULL,'2022-08-25 12:39:24',20230920,20230914,'O','C')
INSERT INTO [dbo].[OpenPosition] VALUES ('M00107',20230926,'ARCC',512,20260307,1704.2,'C',1976.4,NULL,NULL,'2023-03-12 12:39:24',20231123,20230927,'O','C')
INSERT INTO [dbo].[OpenPosition] VALUES ('M00107',20231113,'CMS',1820,20240806,1537.2,'C',951.8,NULL,NULL,'2023-04-27 12:39:24',20231122,20231031,'O','C')
INSERT INTO [dbo].[OpenPosition] VALUES ('M00122',20231113,'MHTX',1833,20250218,1516.8,'C',993.8,NULL,NULL,'2023-09-26 12:39:24',20231008,20231004,'O','C')
INSERT INTO [dbo].[OpenPosition] VALUES ('M00116',20230910,'NVO',3,20250927,499.6,'P',1464.2,NULL,NULL,'2023-03-10 12:39:24',20231218,20231106,'O','C')
INSERT INTO [dbo].[OpenPosition] VALUES ('M00101',20231110,'DXJ',2524,20250524,1170.2,'P',341.8,NULL,NULL,'2023-12-01 12:39:24',20230910,20231210,'O','C')
INSERT INTO [dbo].[OpenPosition] VALUES ('M00108',20230929,'K',2568,20250607,103,'P',1961.2,NULL,NULL,'2023-01-22 12:39:24',20231006,20231016,'O','C')
INSERT INTO [dbo].[OpenPosition] VALUES ('M00121',20231001,'AHHY',2138,20240617,1707.2,'P',1668.8,NULL,NULL,'2023-11-07 12:39:24',20231023,20231101,'O','C')
INSERT INTO [dbo].[OpenPosition] VALUES ('M00103',20231211,'NOC',392,20260204,1195,'P',918.6,NULL,NULL,'2023-09-02 12:39:24',20230912,20231111,'O','C')
INSERT INTO [dbo].[OpenPosition] VALUES ('M00109',20231030,'PFQ',251,20250209,1342.2,'C',1854.6,NULL,NULL,'2023-02-20 12:39:24',20231217,20231003,'O','C')
INSERT INTO [dbo].[OpenPosition] VALUES ('M00124',20231104,'VLY',1362,20260104,1739.4,'C',716.6,NULL,NULL,'2023-02-20 12:39:24',20231124,20231112,'O','C')
INSERT INTO [dbo].[OpenPosition] VALUES ('M00111',20231218,'AMAT',1282,20240708,264.8,'C',1740.8,NULL,NULL,'2023-04-08 12:39:24',20231126,20231002,'O','C')
INSERT INTO [dbo].[OpenPosition] VALUES ('M00106',20230914,'TLT',2750,20250302,412.6,'C',86.6,NULL,NULL,'2022-11-12 12:39:24',20231005,20231211,'O','C')
INSERT INTO [dbo].[OpenPosition] VALUES ('M00117',20231204,'SOXL',460,20241205,854.2,'P',1390,NULL,NULL,'2023-06-03 12:39:24',20231010,20231012,'O','C')
INSERT INTO [dbo].[OpenPosition] VALUES ('M00125',20231112,'CAT',1949,20250217,201.4,'C',1126.6,NULL,NULL,'2023-09-08 12:39:24',20230910,20231104,'O','C')
INSERT INTO [dbo].[OpenPosition] VALUES ('M00104',20230922,'CAT',2381,20250403,702.2,'C',1212.8,NULL,NULL,'2022-08-27 12:39:24',20231119,20231005,'O','C')
INSERT INTO [dbo].[OpenPosition] VALUES ('M00118',20231118,'OMF',428,20260126,1542.4,'C',1982.8,NULL,NULL,'2023-08-09 12:39:24',20231213,20231109,'O','C')
INSERT INTO [dbo].[OpenPosition] VALUES ('M00105',20230929,'GH',1526,20241016,507.4,'C',1991.8,NULL,NULL,'2023-03-22 12:39:24',20231025,20231019,'O','C')
INSERT INTO [dbo].[OpenPosition] VALUES ('M00110',20231116,'GPN',2394,20250727,1770.4,'P',1738.6,NULL,NULL,'2023-07-19 12:39:24',20231201,20231013,'O','C')
INSERT INTO [dbo].[OpenPosition] VALUES ('M00121',20231212,'FLH',841,20241202,731.6,'C',520.4,NULL,NULL,'2022-11-17 12:39:24',20231011,20230914,'O','C')
INSERT INTO [dbo].[OpenPosition] VALUES ('M00101',20230916,'UN',437,20240318,241.8,'P',1459.4,NULL,NULL,'2023-03-26 12:39:24',20230928,20231110,'O','C')
INSERT INTO [dbo].[OpenPosition] VALUES ('M00104',20231014,'STEM',332,20240820,665.2,'P',1192.4,NULL,NULL,'2023-02-01 12:39:24',20231116,20231102,'O','C')
INSERT INTO [dbo].[OpenPosition] VALUES ('M00114',20230916,'MNTS',1974,20251002,1782.4,'C',984.8,NULL,NULL,'2022-09-12 12:39:24',20231007,20230919,'O','C')
INSERT INTO [dbo].[OpenPosition] VALUES ('M00117',20231127,'AAPL',251,20240406,1922,'C',172.6,NULL,NULL,'2023-11-30 12:39:24',20231003,20231016,'O','C')
INSERT INTO [dbo].[OpenPosition] VALUES ('M00127',20231215,'IWM',136,20250118,476.8,'P',379.6,NULL,NULL,'2023-09-17 12:39:24',20231020,20230916,'O','C')
INSERT INTO [dbo].[OpenPosition] VALUES ('M00128',20231101,'SPR',2428,20250807,1385.4,'C',1282.4,NULL,NULL,'2022-08-11 12:39:24',20231022,20231030,'O','C')
INSERT INTO [dbo].[OpenPosition] VALUES ('M00106',20230929,'RBLX',1281,20250210,1286.6,'P',43.2,NULL,NULL,'2023-06-09 12:39:24',20231102,20230910,'O','C')
INSERT INTO [dbo].[OpenPosition] VALUES ('M00112',20231002,'PARA',18,20260625,1050.6,'C',687,NULL,NULL,'2022-12-02 12:39:24',20231110,20230927,'O','C')
INSERT INTO [dbo].[OpenPosition] VALUES ('M00110',20231208,'UN',542,20251105,1100.6,'P',1763.8,NULL,NULL,'2023-05-06 12:39:24',20231123,20231215,'O','C')
INSERT INTO [dbo].[OpenPosition] VALUES ('M00106',20231208,'XP',316,20260602,739.2,'C',95.6,NULL,NULL,'2023-06-29 12:39:24',20230930,20231019,'O','C')
INSERT INTO [dbo].[OpenPosition] VALUES ('M00115',20230926,'TCOM',952,20251122,975.2,'P',1833.6,NULL,NULL,'2023-09-03 12:39:24',20231117,20231119,'O','C')
INSERT INTO [dbo].[OpenPosition] VALUES ('M00116',20230923,'VLY',171,20250206,1121.6,'C',879.6,NULL,NULL,'2023-11-29 12:39:24',20231121,20230913,'O','C')
INSERT INTO [dbo].[OpenPosition] VALUES ('M00115',20231105,'LAZ',2232,20260722,1566.8,'P',565.6,NULL,NULL,'2022-09-14 12:39:24',20231204,20231107,'O','C')
INSERT INTO [dbo].[OpenPosition] VALUES ('M00118',20231022,'FSLY',2028,20260423,15.2,'C',1866.4,NULL,NULL,'2023-11-06 12:39:24',20231010,20231127,'O','C')
INSERT INTO [dbo].[OpenPosition] VALUES ('M00123',20230915,'GH',1051,20260219,72,'C',1147.8,NULL,NULL,'2023-05-21 12:39:24',20231106,20231119,'O','C')
INSERT INTO [dbo].[OpenPosition] VALUES ('M00117',20231120,'IGT',2598,20241118,775,'C',1446,NULL,NULL,'2023-04-05 12:39:24',20231021,20231215,'O','C')
INSERT INTO [dbo].[OpenPosition] VALUES ('M00108',20231204,'VALE',2817,20240205,1542,'C',1580.8,NULL,NULL,'2022-12-15 12:39:24',20230926,20231201,'O','C')
INSERT INTO [dbo].[PositionRisk] VALUES (20230922,'HADI',11485.6,10615.6,16689,4177,16776.8,7292.6,8516.6)
INSERT INTO [dbo].[PositionRisk] VALUES (20230925,'COP',19602.4,4080,15441.6,968.6,19663.6,184.4,202.6)
INSERT INTO [dbo].[PositionRisk] VALUES (20230912,'LTHM',13199.2,15561.8,141,18260.8,61.2,9642.2,14231)
INSERT INTO [dbo].[PositionRisk] VALUES (20231209,'WM',16300.8,16882.6,4026.6,18362,14260.6,13622.2,19825.2)
INSERT INTO [dbo].[PositionRisk] VALUES (20231201,'IWM',2745.8,14214,3651.2,15052.8,14267,19799,12700.2)
INSERT INTO [dbo].[PositionRisk] VALUES (20231120,'IOVA',6667,18372,7942,9736.4,6703.2,14987.4,6605.2)
INSERT INTO [dbo].[PositionRisk] VALUES (20231019,'JPM',16908,18064.2,19770.2,16846.6,7060.8,7305.8,4543)
INSERT INTO [dbo].[PositionRisk] VALUES (20231027,'ADSK',8107.8,19536.2,17567.6,18032.6,6575.6,3089,3840.8)
INSERT INTO [dbo].[PositionRisk] VALUES (20231205,'OMF',2776.4,19426.4,3014.8,1275.4,15525.8,4855.6,2544.2)
INSERT INTO [dbo].[PositionRisk] VALUES (20231111,'BABA',8977.4,18450,4250.4,12913.6,11961.2,16104.4,2151.2)
INSERT INTO [dbo].[PositionRisk] VALUES (20231202,'UNH',3416.6,9278.8,17999.2,4240.4,571.4,8554.6,15963.2)
INSERT INTO [dbo].[PositionRisk] VALUES (20231110,'HOU',14689.4,17707.4,7289.6,16997,17213,7876,1938.6)
INSERT INTO [dbo].[PositionRisk] VALUES (20231107,'WDC',4751.8,6856.2,11231.6,2324,17698.6,15766.2,1560)
INSERT INTO [dbo].[PositionRisk] VALUES (20231001,'AMAT',12124.4,15230.8,13785.6,17634.6,14160.6,2545.2,10094.2)
INSERT INTO [dbo].[PositionRisk] VALUES (20230908,'VHT',9093.4,14278.8,7294.4,3910.2,12029.2,12404,16583.2)
INSERT INTO [dbo].[PositionRisk] VALUES (20231019,'PFQ',11323.8,12083.6,15361.6,4992.2,17878,15464.8,16597.8)
INSERT INTO [dbo].[PositionRisk] VALUES (20231013,'UN',6269.6,5400.8,3029.8,15526.6,12428.2,17775.8,17935.6)
INSERT INTO [dbo].[PositionRisk] VALUES (20230927,'TTD',15267.2,12265,18762,8409.6,5567.4,1205.2,10207.6)
INSERT INTO [dbo].[PositionRisk] VALUES (20231130,'COTY',11556.6,6738.4,14430.6,19393.8,7925.6,10835.2,2243.8)
INSERT INTO [dbo].[PositionRisk] VALUES (20231109,'GH',13390,17971,11764,19239.6,1359,2444.8,15087.6)
INSERT INTO [dbo].[PositionRisk] VALUES (20231211,'INSP',15291,15290.4,1915.2,7180,1209.6,11565.6,4786)
INSERT INTO [dbo].[PositionRisk] VALUES (20231026,'IR',9681.4,10761,9509,17641.6,15009,19013.4,5817)
INSERT INTO [dbo].[PositionRisk] VALUES (20231013,'BKR',18498.8,5598.8,8228.6,9907.8,15283,3564.6,4523.2)
INSERT INTO [dbo].[PositionRisk] VALUES (20231015,'MGM',17710.4,9334.6,15995,17152.6,18492,2355,6953.8)
INSERT INTO [dbo].[PositionRisk] VALUES (20231103,'VLY',7482.6,11307.4,14552.2,12882.4,6412.8,4306.4,7852.4)
INSERT INTO [dbo].[PositionRisk] VALUES (20230910,'ELAN',12845.2,1117.2,780.8,18790.6,8893.6,2537.2,7205.6)
INSERT INTO [dbo].[PositionRisk] VALUES (20230913,'XYL',7923.2,19421,12277,1128.4,12438.4,4799.8,8931.8)
INSERT INTO [dbo].[PositionRisk] VALUES (20231019,'CAT',712.6,15819,4531.8,10182.6,19661,7462.4,9856.4)
INSERT INTO [dbo].[PositionRisk] VALUES (20231107,'PXD',7688.2,5915.8,7382.4,16950.6,15621.2,6672.4,10623)
INSERT INTO [dbo].[PositionRisk] VALUES (20231030,'PHH',6013.6,16300.6,15922.8,16535.4,5453.8,4647.8,26.6)
INSERT INTO [dbo].[PositionRisk] VALUES (20230909,'ETN',7706.8,705,10476.4,9162.8,12092,13816.6,1156.8)
INSERT INTO [dbo].[PositionRisk] VALUES (20231115,'SHW',18013.4,7424,11148.8,5604.8,4870.2,13142.6,13012.4)
INSERT INTO [dbo].[PositionRisk] VALUES (20230925,'SU3',5081.8,17367.6,7188,3322.2,12764.2,17333.2,9077.6)
INSERT INTO [dbo].[PositionRisk] VALUES (20230908,'BLDR',7816.2,2743.6,12740.4,19214.2,5990.4,4593.2,12141)
INSERT INTO [dbo].[PositionRisk] VALUES (20230918,'DXJ',10865,10048.2,1752.4,12802.2,11346.8,16763.8,15426.6)
INSERT INTO [dbo].[PositionRisk] VALUES (20231014,'STEM',5332.6,4184.6,2727.6,8158,18020.4,8329.8,16476.4)
INSERT INTO [dbo].[PositionRisk] VALUES (20230929,'K',16216.8,10508.4,19885.2,18893,6344.2,5807,2162.6)
INSERT INTO [dbo].[PositionRisk] VALUES (20231110,'LLY',12753.4,2473.4,15726,2330.4,17928,12794.2,7001)
INSERT INTO [dbo].[PositionRisk] VALUES (20231124,'TSHA',989.2,12934.6,19050.2,17446.4,8385.6,4643.8,7824.2)
INSERT INTO [dbo].[PositionRisk] VALUES (20231024,'FSLY',16557.2,858.2,12493.6,14387.2,8884.2,19102,8498.8)
INSERT INTO [dbo].[PositionRisk] VALUES (20231129,'THV',3359.6,2590.2,644,10830,8846.8,7996,17640.6)
INSERT INTO [dbo].[PositionRisk] VALUES (20231007,'AZN',15169,9488.4,13540.4,5426.6,653.4,4812,6261.8)
INSERT INTO [dbo].[PositionRisk] VALUES (20231128,'XEL',16824.6,19921.4,87.8,9107.2,7966.6,1766.4,8150.4)
INSERT INTO [dbo].[PositionRisk] VALUES (20231129,'AZEK',3839.4,13365.2,17423.4,16731.6,7381.4,15813.6,6706.8)
INSERT INTO [dbo].[PositionRisk] VALUES (20231009,'AHHY',19149.6,9261.4,15471.6,11413.6,12000.6,8639.2,7155.2)
INSERT INTO [dbo].[PositionRisk] VALUES (20231106,'MNTS',7605,18007.6,16568.2,4897.2,11506.6,15242.6,1713.4)
INSERT INTO [dbo].[PositionRisk] VALUES (20230908,'TLT',5839.8,14502.6,2220,18156,2707.8,14910.2,5585.4)
INSERT INTO [dbo].[PositionRisk] VALUES (20230910,'NOC',18273.4,4285.2,3644.6,8970.2,19919,9067,15440.8)
INSERT INTO [dbo].[PositionRisk] VALUES (20230912,'VALE',2119,7818.4,7863.6,1678.4,14022.8,13000.4,1003.2)
INSERT INTO [dbo].[PositionRisk] VALUES (20230916,'FLH',13325.4,8989.8,9979.2,3713,17196.6,3914.8,17974)
INSERT INTO [dbo].[PositionRisk] VALUES (20231012,'XRX',5889.6,7066.4,14601.8,1632.2,10063.8,16912.4,13075.8)
INSERT INTO [dbo].[PositionRisk] VALUES (20231113,'DE',6120.8,987.4,4419.8,2590.2,19486.4,10080.8,7924.4)
INSERT INTO [dbo].[PositionRisk] VALUES (20231205,'MHTX',4371.6,19218.6,14205.4,13922.4,5002.4,17598.6,13682.6)
INSERT INTO [dbo].[PositionRisk] VALUES (20231001,'ZTO',16388,4566.8,13289.6,2508.2,10588.2,6419.6,8147.2)
INSERT INTO [dbo].[PositionRisk] VALUES (20230923,'J',4818,4867.8,3464.2,4001.2,13205.8,10262.2,16344.6)
INSERT INTO [dbo].[PositionRisk] VALUES (20231006,'HOUS',1095.2,5400.4,2229.2,971.6,822,14605.2,11280.2)
INSERT INTO [dbo].[PositionRisk] VALUES (20230923,'IGT',10288.8,12076.2,12596.8,16459.8,16575,15133.2,5126.6)
INSERT INTO [dbo].[PositionRisk] VALUES (20231009,'AAL',18208.6,11105.2,15527,10512,6520.4,1186.2,7457)
INSERT INTO [dbo].[PositionRisk] VALUES (20231116,'AMBA',16413,11429.6,4030.6,5209,13072.2,2531.4,13730.8)
INSERT INTO [dbo].[PositionRisk] VALUES (20231106,'MTB',3125.6,2294,14143.4,10713.4,12135.2,6723.6,6581.6)
INSERT INTO [dbo].[PositionRisk] VALUES (20230922,'DV',5218.4,11888.4,6267,8545.8,13138,10338.8,14635.8)
INSERT INTO [dbo].[PositionRisk] VALUES (20230926,'AAP',18702,6564,8122.4,7051.2,9958.6,8474,13005.2)
INSERT INTO [dbo].[PositionRisk] VALUES (20231126,'LAZ',5802.8,8622.6,13249.6,13319.8,18148.2,19603.4,8542.6)
INSERT INTO [dbo].[PositionRisk] VALUES (20231127,'SPX',18064,2058.6,148.2,10885.2,2422.6,4704.2,7705)
INSERT INTO [dbo].[PositionRisk] VALUES (20231204,'SMO',6909.8,15398.8,9764,8442.6,8985.8,5536,6527)
INSERT INTO [dbo].[PositionRisk] VALUES (20230908,'T',17698.2,3582.4,13873.2,724,18902.6,4127.2,17050.4)
INSERT INTO [dbo].[PositionRisk] VALUES (20231212,'GPN',11254.8,14114,1756.4,8055.8,16373.2,16668.2,17262)
INSERT INTO [dbo].[PositionRisk] VALUES (20231017,'SOXL',1426.2,4619,4243.8,7452.4,19128.6,18225,1350.6)
INSERT INTO [dbo].[PositionRisk] VALUES (20230926,'SPR',1930,74.6,1035.8,15222.6,14486.6,2723,3308.6)
INSERT INTO [dbo].[PositionRisk] VALUES (20230909,'CMS',3897.8,11526,4880.6,7488,384.8,13417.6,5886.6)
INSERT INTO [dbo].[PositionRisk] VALUES (20231005,'BBBY',4366.4,17426.8,32,2221.6,7073.4,14284.2,13462.8)
INSERT INTO [dbo].[PositionRisk] VALUES (20231109,'OSTK',3780,13830.2,6000.8,10399.2,6853.2,1365.8,15942.4)
INSERT INTO [dbo].[PositionRisk] VALUES (20230913,'MAT',12795.2,9629.4,16915.4,10409.8,1129.4,13973.4,1200.4)
INSERT INTO [dbo].[PositionRisk] VALUES (20231202,'SHEL',14954,18171.8,5099.6,19808.8,16777.6,600.6,17951)
INSERT INTO [dbo].[PositionRisk] VALUES (20231027,'NVO',13953.8,2138,13847,4742,13049,14935.6,15785.4)
INSERT INTO [dbo].[PositionRisk] VALUES (20231103,'HLL',17491.8,5030,9320.4,8583.6,4477.8,10168,2076)
INSERT INTO [dbo].[PositionRisk] VALUES (20231202,'COW',8463,749.4,19837.4,3742.2,10127.6,5254.6,19060.8)
INSERT INTO [dbo].[PositionRisk] VALUES (20231202,'PARA',11680.8,2098.6,12176.6,3743,13496.2,16501.8,10699)
INSERT INTO [dbo].[PositionRisk] VALUES (20231003,'VMW',1150.2,1813.4,8552,2398.6,12499,16283.2,18016.6)
INSERT INTO [dbo].[PositionRisk] VALUES (20230913,'AAPL',5439,19778.6,4113,5930.6,18575.4,13752.8,9361.8)
INSERT INTO [dbo].[PositionRisk] VALUES (20230930,'TCOM',11439,17653.8,10438,15802.4,19081.6,14370.8,18634.2)
INSERT INTO [dbo].[PositionRisk] VALUES (20231016,'NNAC',11473.8,4156.8,16948,13814.6,14338.4,19437.6,14254.2)
INSERT INTO [dbo].[PositionRisk] VALUES (20230908,'RBLX',13618.4,17391.6,14412.6,6623.6,2823.2,1446.2,16004.4)
INSERT INTO [dbo].[PositionRisk] VALUES (20231119,'BCYC',6841.4,4301,8641.4,11899.2,14540,3649.6,9354.4)
INSERT INTO [dbo].[PositionRisk] VALUES (20231118,'HOUR',9813.8,12620.2,8190.2,2855.6,19028,3453.2,19187.6)
INSERT INTO [dbo].[PositionRisk] VALUES (20231206,'ARCC',7793.4,15699.4,18285.4,14235.6,10920,11955.4,10144.8)
INSERT INTO [dbo].[PositionRisk] VALUES (20231025,'PLUG',5842.8,14867.8,3451.4,5292.4,5289.6,17773.8,4895.6)
INSERT INTO [dbo].[PositionRisk] VALUES (20231011,'XP',2255,9080.6,13192,12361.4,9475.6,19659.8,6149.8)
INSERT INTO [dbo].[PositionRisk] VALUES (20231116,'IFW',7221.6,4589.2,2643.8,17038.8,13289.6,11215.2,5545.2)
INSERT INTO [dbo].[PositionRisk] VALUES (20230912,'DDD',5751.4,6468,18825.8,4272.2,18936.6,320.6,139.4)
INSERT INTO [dbo].[PositionRisk] VALUES (20230924,'BP',13534.4,16147.2,13821.4,11307,6867.4,9903.4,1989.8)






