set quoted_identifier on
go
use "EqDeriv"
go
--set identity_insert "Categories" off
--go
--ALTER TABLE "Categories" CHECK CONSTRAINT ALL
--go
set quoted_identifier on
go

truncate table [dbo].[Account]
go
truncate table [dbo].[OpenPosition]
go
truncate table [dbo].[TradeBlotter]
go
truncate table [dbo].[PositionRisk]
go

INSERT INTO [dbo].[Account] VALUES ('M00100',NULL,'BAM','A','2023-11-13 17:48:24')
INSERT INTO [dbo].[Account] VALUES ('M00101',NULL,'NORTH FOUFITH ASSET MANAGEMENT LP','A','2022-08-30 17:48:24')
INSERT INTO [dbo].[Account] VALUES ('M00102',NULL,'ODEY ASSET MGMT','A','2023-07-09 17:48:24')
INSERT INTO [dbo].[Account] VALUES ('M00103',NULL,'UCM PARTNERS','A','2023-07-20 17:48:24')
INSERT INTO [dbo].[Account] VALUES ('M00104',NULL,'COATUE','A','2022-12-05 17:48:24')
INSERT INTO [dbo].[Account] VALUES ('M00105',NULL,'PICTON MAHONEY','A','2023-06-25 17:48:24')
INSERT INTO [dbo].[Account] VALUES ('M00106',NULL,'USAA','A','2023-04-08 17:48:24')
INSERT INTO [dbo].[Account] VALUES ('M00107',NULL,'WELLS FARGO','A','2022-09-15 17:48:24')
INSERT INTO [dbo].[Account] VALUES ('M00108',NULL,'NOMURA FLOW JAPAN','A','2023-03-03 17:48:24')
INSERT INTO [dbo].[Account] VALUES ('M00109',NULL,'ROCKVILLE CAPITAL','A','2023-02-08 17:48:24')
INSERT INTO [dbo].[Account] VALUES ('M00110',NULL,'JPM','A','2022-08-02 17:48:24')
INSERT INTO [dbo].[Account] VALUES ('M00111',NULL,'NOMURA LONDON','A','2022-11-17 17:48:24')
INSERT INTO [dbo].[Account] VALUES ('M00112',NULL,'CSAM LAB','A','2023-09-18 17:48:24')
INSERT INTO [dbo].[Account] VALUES ('M00113',NULL,'MARINER','A','2023-07-30 17:48:24')
INSERT INTO [dbo].[Account] VALUES ('M00114',NULL,'LEVEL GLOBAL','A','2023-09-01 17:48:24')
INSERT INTO [dbo].[Account] VALUES ('M00115',NULL,'SILVER POINT','A','2023-03-01 17:48:24')
INSERT INTO [dbo].[Account] VALUES ('M00116',NULL,'WELLS CAPITAL MG MT','A','2023-11-03 17:48:24')
INSERT INTO [dbo].[Account] VALUES ('M00117',NULL,'BLENHEIM CAPITAL','A','2023-03-29 17:48:24')
INSERT INTO [dbo].[Account] VALUES ('M00118',NULL,'MOG','A','2023-02-21 17:48:24')
INSERT INTO [dbo].[Account] VALUES ('M00119',NULL,'SOPRANO','A','2023-06-26 17:48:24')
INSERT INTO [dbo].[Account] VALUES ('M00120',NULL,'TWO SIGMA INVESTMENTS LLC','A','2023-07-04 17:48:24')
INSERT INTO [dbo].[Account] VALUES ('M00121',NULL,'J GOLDMAN & CO LP','A','2022-09-28 17:48:24')
INSERT INTO [dbo].[Account] VALUES ('M00122',NULL,'SOUTH FERRY','A','2022-09-21 17:48:24')
INSERT INTO [dbo].[Account] VALUES ('M00123',NULL,'PKE','A','2023-06-23 17:48:24')
INSERT INTO [dbo].[Account] VALUES ('M00124',NULL,'FORE RESEARCH','A','2023-08-06 17:48:24')
INSERT INTO [dbo].[Account] VALUES ('M00125',NULL,'RONIN','A','2023-03-21 17:48:24')
INSERT INTO [dbo].[Account] VALUES ('M00126',NULL,'CARLSON CAPITAL','A','2022-10-29 17:48:24')
INSERT INTO [dbo].[Account] VALUES ('M00127',NULL,'CAMBIAR INVESTORS','A','2022-11-16 17:48:24')
INSERT INTO [dbo].[Account] VALUES ('M00128',NULL,'PARALLAX','A','2023-11-24 17:48:24')
INSERT INTO [dbo].[Account] VALUES ('M00129',NULL,'LIBRE MAX','A','2022-12-09 17:48:24')
INSERT INTO [dbo].[Account] VALUES ('M00130',NULL,'BENGAL','A','2022-08-14 17:48:24')
INSERT INTO [dbo].[Account] VALUES ('M00131',NULL,'LA BANQUE POSTALE AM','A','2023-07-17 17:48:24')
INSERT INTO [dbo].[Account] VALUES ('M00132',NULL,'WUESTENROT','A','2023-05-24 17:48:24')
INSERT INTO [dbo].[Account] VALUES ('M00133',NULL,'1832 ASSET MANAGEMENT LP FKA GCIC LTD','A','2023-03-13 17:48:24')
INSERT INTO [dbo].[Account] VALUES ('M00134',NULL,'WINSLOW','A','2023-05-26 17:48:24')
INSERT INTO [dbo].[Account] VALUES ('M00135',NULL,'MILENCO','A','2022-09-22 17:48:24')
INSERT INTO [dbo].[Account] VALUES ('M00136',NULL,'FARALLON','A','2023-11-07 17:48:24')
INSERT INTO [dbo].[Account] VALUES ('M00137',NULL,'HILLTOP','A','2022-12-12 17:48:24')
INSERT INTO [dbo].[Account] VALUES ('M00138',NULL,'HIGHLINE CAPITAL MANAGEMENT LLC','A','2023-11-19 17:48:24')
INSERT INTO [dbo].[Account] VALUES ('M00139',NULL,'RIVER BIRCH','A','2023-10-18 17:48:24')
INSERT INTO [dbo].[Account] VALUES ('M00140',NULL,'TRELLUS','A','2022-11-18 17:48:24')
INSERT INTO [dbo].[Account] VALUES ('M00141',NULL,'DLD ASSET MGMT','A','2023-09-08 17:48:24')
INSERT INTO [dbo].[Account] VALUES ('M00142',NULL,'EDF MANN','A','2023-09-13 17:48:24')
INSERT INTO [dbo].[Account] VALUES ('M00143',NULL,'UNIVERSA','A','2022-12-02 17:48:24')
INSERT INTO [dbo].[Account] VALUES ('M00144',NULL,'BREVAN HOWARD','A','2023-03-30 17:48:24')
INSERT INTO [dbo].[Account] VALUES ('M00145',NULL,'MFC GLOBAL INV MGMT US LLC','A','2023-05-17 17:48:24')
INSERT INTO [dbo].[Account] VALUES ('M00146',NULL,'ELLIOTT MANAGEMENT CORPORATION','A','2022-12-19 17:48:24')
INSERT INTO [dbo].[Account] VALUES ('M00147',NULL,'EMCO FI E','A','2023-10-03 17:48:24')
INSERT INTO [dbo].[Account] VALUES ('M00148',NULL,'BANCA IMI ITALY','A','2023-04-02 17:48:24')
INSERT INTO [dbo].[Account] VALUES ('M00149',NULL,'CO NCORDANC E','A','2022-09-13 17:48:24')
INSERT INTO [dbo].[Account] VALUES ('M00150',NULL,'AERIS CAPITAL','A','2023-10-07 17:48:24')
INSERT INTO [dbo].[Account] VALUES ('M00151',NULL,'NOMURA CONVEFITS LONDON','A','2023-12-04 17:48:24')
INSERT INTO [dbo].[Account] VALUES ('M00152',NULL,'GUGGENHEIM','A','2022-10-24 17:48:24')
INSERT INTO [dbo].[Account] VALUES ('M00153',NULL,'SYMMETRY PEAK MGMT','A','2023-05-03 17:48:24')
INSERT INTO [dbo].[Account] VALUES ('M00154',NULL,'CAISSE DE DEPOT','A','2022-12-07 17:48:24')
INSERT INTO [dbo].[Account] VALUES ('M00155',NULL,'LABFIANCHE','A','2023-01-27 17:48:24')
INSERT INTO [dbo].[Account] VALUES ('M00156',NULL,'KEY GROUP','A','2022-10-28 17:48:24')
INSERT INTO [dbo].[Account] VALUES ('M00157',NULL,'AP4','A','2023-06-07 17:48:24')
INSERT INTO [dbo].[Account] VALUES ('M00158',NULL,'JBT CAPITAL INC','A','2022-11-10 17:48:24')
INSERT INTO [dbo].[Account] VALUES ('M00159',NULL,'TI-IOFISTEN JABAS','A','2022-11-02 17:48:24')
INSERT INTO [dbo].[Account] VALUES ('M00160',NULL,'CAXT ON','A','2023-04-29 17:48:24')
INSERT INTO [dbo].[Account] VALUES ('M00161',NULL,'MAP LE/ROSE LANE','A','2023-08-06 17:48:24')
INSERT INTO [dbo].[Account] VALUES ('M00162',NULL,'BESSEMER TRUST','A','2022-11-17 17:48:24')
INSERT INTO [dbo].[Account] VALUES ('M00163',NULL,'SCHROEDEFIS','A','2022-11-25 17:48:24')
INSERT INTO [dbo].[Account] VALUES ('M00164',NULL,'QUAD CAPITAL','A','2022-10-31 17:48:24')
INSERT INTO [dbo].[Account] VALUES ('M00165',NULL,'NOMURA FIXED INCOME','A','2023-06-14 17:48:24')
INSERT INTO [dbo].[Account] VALUES ('M00166',NULL,'BNP AM','A','2023-05-24 17:48:24')
INSERT INTO [dbo].[Account] VALUES ('M00167',NULL,'AMUNDI','A','2023-06-18 17:48:24')
INSERT INTO [dbo].[Account] VALUES ('M00168',NULL,'JPM ASSET MGMT LONDON','A','2023-11-01 17:48:24')
INSERT INTO [dbo].[Account] VALUES ('M00169',NULL,'NSL AC 250643','A','2023-07-22 17:48:24')
INSERT INTO [dbo].[Account] VALUES ('M00170',NULL,'ALGEBFIIS','A','2023-08-05 17:48:24')
INSERT INTO [dbo].[Account] VALUES ('M00171',NULL,'NOMURA PROP LONDON','A','2023-07-11 17:48:24')
INSERT INTO [dbo].[Account] VALUES ('M00172',NULL,'METAVAL','A','2023-06-28 17:48:24')
INSERT INTO [dbo].[Account] VALUES ('M00173',NULL,'BTIG','A','2023-02-07 17:48:24')
INSERT INTO [dbo].[Account] VALUES ('M00174',NULL,'BTG','A','2023-07-25 17:48:24')
INSERT INTO [dbo].[Account] VALUES ('M00175',NULL,'MD SASS ASSOCIATES INC.','A','2023-06-07 17:48:24')
INSERT INTO [dbo].[Account] VALUES ('M00176',NULL,'FIDELITY IM','A','2023-08-29 17:48:24')
INSERT INTO [dbo].[Account] VALUES ('M00177',NULL,'TIMBER HILL','A','2023-07-22 17:48:24')
INSERT INTO [dbo].[Account] VALUES ('M00178',NULL,'TAMALPAIS','A','2023-01-19 17:48:24')
INSERT INTO [dbo].[Account] VALUES ('M00179',NULL,'XARAF','A','2023-02-21 17:48:24')
INSERT INTO [dbo].[Account] VALUES ('M00180',NULL,'HBK','A','2023-01-07 17:48:24')
INSERT INTO [dbo].[Account] VALUES ('M00181',NULL,'PIONEERPATH','A','2023-03-27 17:48:24')
INSERT INTO [dbo].[Account] VALUES ('M00182',NULL,'WESTCH ESTER CAPITAL','A','2023-06-17 17:48:24')
INSERT INTO [dbo].[Account] VALUES ('M00183',NULL,'GALLEON','A','2022-10-11 17:48:24')
INSERT INTO [dbo].[Account] VALUES ('M00184',NULL,'CLAFIIUM CAPITAL','A','2022-10-06 17:48:24')

INSERT INTO [dbo].[TradeBlotter] VALUES (20231209,'M00100','BAM','Bot',407,'PXD',20260118,835.6,'P',845.8,NULL)
INSERT INTO [dbo].[TradeBlotter] VALUES (20231012,'M00101','NORTH FOUFITH ASSET MANAGEMENT LP','Sold',1788,'J',20240626,170.2,'C',1749.6,NULL)
INSERT INTO [dbo].[TradeBlotter] VALUES (20231214,'M00102','ODEY ASSET MGMT','Bot',1297,'AMBA',20260511,294.2,'P',911.2,NULL)
INSERT INTO [dbo].[TradeBlotter] VALUES (20231108,'M00103','UCM PARTNERS','Sold',556,'SU3',20240802,87.4,'P',1235.4,NULL)
INSERT INTO [dbo].[TradeBlotter] VALUES (20230922,'M00104','COATUE','Bot',2974,'COW',20251223,1921,'P',219.6,NULL)
INSERT INTO [dbo].[TradeBlotter] VALUES (20231022,'M00105','PICTON MAHONEY','Bot',733,'VALE',20240507,1460.4,'C',1931.4,NULL)
INSERT INTO [dbo].[TradeBlotter] VALUES (20231029,'M00106','USAA','Sold',1810,'IGT',20240723,1173.8,'P',1186.2,NULL)
INSERT INTO [dbo].[TradeBlotter] VALUES (20230925,'M00107','WELLS FARGO','Bot',373,'BCYC',20250708,1639.2,'C',525.8,NULL)
INSERT INTO [dbo].[TradeBlotter] VALUES (20231123,'M00108','NOMURA FLOW JAPAN','Bot',850,'AZEK',20260520,904,'C',1176.6,NULL)
INSERT INTO [dbo].[TradeBlotter] VALUES (20231202,'M00109','ROCKVILLE CAPITAL','Bot',2630,'DDD',20240721,1930.4,'P',814.8,NULL)
INSERT INTO [dbo].[TradeBlotter] VALUES (20230925,'M00110','JPM','Bot',2159,'AAPL',20260811,973.4,'C',73,NULL)
INSERT INTO [dbo].[TradeBlotter] VALUES (20231005,'M00111','NOMURA LONDON','Bot',934,'SHEL',20240719,1819.6,'C',942.4,NULL)
INSERT INTO [dbo].[TradeBlotter] VALUES (20230926,'M00112','CSAM LAB','Sold',1267,'THV',20260815,141.2,'P',86.8,NULL)
INSERT INTO [dbo].[TradeBlotter] VALUES (20231208,'M00113','MARINER','Sold',1929,'IGT',20240524,1827.8,'C',1000.6,NULL)
INSERT INTO [dbo].[TradeBlotter] VALUES (20230928,'M00114','LEVEL GLOBAL','Bot',849,'MHTX',20250824,1657.4,'P',659,NULL)
INSERT INTO [dbo].[TradeBlotter] VALUES (20231102,'M00115','SILVER POINT','Bot',480,'UN',20251225,1939.8,'P',490.2,NULL)
INSERT INTO [dbo].[TradeBlotter] VALUES (20231014,'M00116','WELLS CAPITAL MG MT','Sold',722,'STEM',20241029,1026.2,'C',198.4,NULL)
INSERT INTO [dbo].[TradeBlotter] VALUES (20230925,'M00117','BLENHEIM CAPITAL','Bot',158,'T',20251005,355,'C',845.6,NULL)
INSERT INTO [dbo].[TradeBlotter] VALUES (20231123,'M00118','MOG','Sold',1588,'NNAC',20240222,1379,'C',227.6,NULL)
INSERT INTO [dbo].[TradeBlotter] VALUES (20231031,'M00119','SOPRANO','Bot',2509,'MAT',20260303,924.6,'P',1839.6,NULL)
INSERT INTO [dbo].[TradeBlotter] VALUES (20231004,'M00120','TWO SIGMA INVESTMENTS LLC','Bot',1232,'FSLY',20250121,770.4,'P',1758,NULL)
INSERT INTO [dbo].[TradeBlotter] VALUES (20231206,'M00121','J GOLDMAN & CO LP','Sold',1485,'AZN',20240923,394.8,'P',619.2,NULL)
INSERT INTO [dbo].[TradeBlotter] VALUES (20231020,'M00122','SOUTH FERRY','Bot',2181,'OSTK',20250302,44.8,'C',1647.4,NULL)
INSERT INTO [dbo].[TradeBlotter] VALUES (20231006,'M00123','PKE','Sold',727,'HOUR',20250819,1785.2,'C',1555.2,NULL)
INSERT INTO [dbo].[TradeBlotter] VALUES (20231123,'M00124','FORE RESEARCH','Sold',124,'HOUS',20250415,1526,'P',881,NULL)
INSERT INTO [dbo].[TradeBlotter] VALUES (20231110,'M00125','RONIN','Sold',2150,'CMS',20240101,826.4,'C',441.2,NULL)
INSERT INTO [dbo].[TradeBlotter] VALUES (20231013,'M00126','CARLSON CAPITAL','Sold',177,'XYL',20260305,1591.2,'P',780.6,NULL)
INSERT INTO [dbo].[TradeBlotter] VALUES (20231126,'M00127','CAMBIAR INVESTORS','Bot',379,'ETN',20250406,1992.6,'C',1804.8,NULL)
INSERT INTO [dbo].[TradeBlotter] VALUES (20231009,'M00128','PARALLAX','Bot',2835,'NOC',20240117,54.4,'C',333.6,NULL)
INSERT INTO [dbo].[TradeBlotter] VALUES (20231117,'M00129','LIBRE MAX','Bot',1597,'PFQ',20260904,24.6,'P',753.8,NULL)
INSERT INTO [dbo].[TradeBlotter] VALUES (20231008,'M00130','BENGAL','Bot',661,'LTHM',20241015,122.8,'P',1358.6,NULL)
INSERT INTO [dbo].[TradeBlotter] VALUES (20231026,'M00131','LA BANQUE POSTALE AM','Bot',1690,'DE',20240203,442,'P',1552.6,NULL)
INSERT INTO [dbo].[TradeBlotter] VALUES (20231122,'M00132','WUESTENROT','Bot',2382,'AZN',20251221,1353,'P',569,NULL)
INSERT INTO [dbo].[TradeBlotter] VALUES (20231113,'M00133','1832 ASSET MANAGEMENT LP FKA GCIC LTD','Bot',1491,'SPR',20240915,1459.6,'P',1918.2,NULL)
INSERT INTO [dbo].[TradeBlotter] VALUES (20231209,'M00134','WINSLOW','Sold',422,'T',20251016,519.8,'P',732,NULL)
INSERT INTO [dbo].[TradeBlotter] VALUES (20231017,'M00135','MILENCO','Bot',1616,'MAT',20240507,1065.2,'P',1486.4,NULL)
INSERT INTO [dbo].[TradeBlotter] VALUES (20231027,'M00136','FARALLON','Sold',377,'PARA',20260406,573,'C',870.6,NULL)
INSERT INTO [dbo].[TradeBlotter] VALUES (20230912,'M00137','HILLTOP','Bot',1130,'BCYC',20250126,869.2,'P',1506.4,NULL)
INSERT INTO [dbo].[TradeBlotter] VALUES (20231022,'M00138','HIGHLINE CAPITAL MANAGEMENT LLC','Bot',2279,'AZEK',20260306,369.2,'P',865.4,NULL)
INSERT INTO [dbo].[TradeBlotter] VALUES (20231111,'M00139','RIVER BIRCH','Bot',1577,'FSLY',20240401,99.8,'P',334.4,NULL)
INSERT INTO [dbo].[TradeBlotter] VALUES (20230928,'M00140','TRELLUS','Sold',1547,'AAL',20260620,178.8,'P',986.4,NULL)
INSERT INTO [dbo].[TradeBlotter] VALUES (20231101,'M00141','DLD ASSET MGMT','Sold',2568,'PARA',20260118,803,'P',173.2,NULL)
INSERT INTO [dbo].[TradeBlotter] VALUES (20231124,'M00142','EDF MANN','Bot',565,'VHT',20250602,495.4,'C',64,NULL)
INSERT INTO [dbo].[TradeBlotter] VALUES (20231023,'M00143','UNIVERSA','Bot',2739,'GH',20241022,1006.6,'P',514.8,NULL)
INSERT INTO [dbo].[TradeBlotter] VALUES (20231015,'M00144','BREVAN HOWARD','Bot',541,'LAZ',20250415,1938,'C',581.2,NULL)
INSERT INTO [dbo].[TradeBlotter] VALUES (20231212,'M00145','MFC GLOBAL INV MGMT US LLC','Sold',1716,'MAT',20250418,122.4,'C',183.2,NULL)
INSERT INTO [dbo].[TradeBlotter] VALUES (20231202,'M00146','ELLIOTT MANAGEMENT CORPORATION','Sold',1898,'AAPL',20240609,143.2,'P',1672,NULL)
INSERT INTO [dbo].[TradeBlotter] VALUES (20230922,'M00147','EMCO FI E','Sold',2875,'J',20241009,570.6,'P',700.2,NULL)
INSERT INTO [dbo].[TradeBlotter] VALUES (20231127,'M00148','BANCA IMI ITALY','Bot',2161,'COTY',20260513,185.8,'C',1726.4,NULL)
INSERT INTO [dbo].[TradeBlotter] VALUES (20230926,'M00149','CO NCORDANC E','Bot',2650,'LTHM',20260323,1522.4,'P',1771.2,NULL)
INSERT INTO [dbo].[TradeBlotter] VALUES (20230927,'M00150','AERIS CAPITAL','Bot',1212,'DDD',20260314,1442.4,'C',1551.2,NULL)
INSERT INTO [dbo].[TradeBlotter] VALUES (20231015,'M00151','NOMURA CONVEFITS LONDON','Sold',2625,'MNTS',20240116,1036.4,'P',1288.4,NULL)
INSERT INTO [dbo].[TradeBlotter] VALUES (20231121,'M00152','GUGGENHEIM','Sold',1487,'HOU',20250925,784.4,'C',1178.6,NULL)
INSERT INTO [dbo].[TradeBlotter] VALUES (20231112,'M00153','SYMMETRY PEAK MGMT','Sold',881,'XP',20260312,130.2,'P',1230,NULL)
INSERT INTO [dbo].[TradeBlotter] VALUES (20231109,'M00154','CAISSE DE DEPOT','Sold',797,'XRX',20251030,102.4,'C',1524.6,NULL)
INSERT INTO [dbo].[TradeBlotter] VALUES (20231208,'M00155','LABFIANCHE','Sold',2291,'J',20250302,1341.8,'C',1025.4,NULL)
INSERT INTO [dbo].[TradeBlotter] VALUES (20230930,'M00156','KEY GROUP','Sold',1776,'MHTX',20250123,714.6,'P',223.6,NULL)
INSERT INTO [dbo].[TradeBlotter] VALUES (20231022,'M00157','AP4','Bot',2984,'VALE',20260628,779,'C',215.6,NULL)
INSERT INTO [dbo].[TradeBlotter] VALUES (20230906,'M00158','JBT CAPITAL INC','Sold',2186,'VALE',20240606,165,'C',153.8,NULL)
INSERT INTO [dbo].[TradeBlotter] VALUES (20231126,'M00159','TI-IOFISTEN JABAS','Sold',922,'CMS',20260416,1787.6,'P',1807,NULL)
INSERT INTO [dbo].[TradeBlotter] VALUES (20231116,'M00160','CAXT ON','Sold',2603,'AAP',20240516,22,'C',1737.2,NULL)
INSERT INTO [dbo].[TradeBlotter] VALUES (20231016,'M00161','MAP LE/ROSE LANE','Sold',2699,'XEL',20260324,1381.8,'C',1543.8,NULL)
INSERT INTO [dbo].[TradeBlotter] VALUES (20230928,'M00162','BESSEMER TRUST','Bot',1425,'VLY',20250706,1773.8,'C',352.8,NULL)
INSERT INTO [dbo].[TradeBlotter] VALUES (20230917,'M00163','SCHROEDEFIS','Sold',2554,'LAZ',20250822,1155,'C',1361.4,NULL)
INSERT INTO [dbo].[TradeBlotter] VALUES (20231201,'M00164','QUAD CAPITAL','Bot',1396,'NVO',20260803,1665.4,'P',1374.6,NULL)
INSERT INTO [dbo].[TradeBlotter] VALUES (20230910,'M00165','NOMURA FIXED INCOME','Sold',2479,'AZEK',20240326,1597.4,'P',1183.6,NULL)
INSERT INTO [dbo].[TradeBlotter] VALUES (20231001,'M00166','BNP AM','Sold',1620,'J',20251031,189.6,'C',787.6,NULL)
INSERT INTO [dbo].[TradeBlotter] VALUES (20231206,'M00167','AMUNDI','Sold',1815,'T',20260823,749.6,'P',516.2,NULL)
INSERT INTO [dbo].[TradeBlotter] VALUES (20230913,'M00168','JPM ASSET MGMT LONDON','Bot',1940,'ARCC',20250201,1471.8,'C',1254.2,NULL)
INSERT INTO [dbo].[TradeBlotter] VALUES (20231106,'M00169','NSL AC 250643','Sold',394,'SPX',20250329,1164.4,'C',987,NULL)
INSERT INTO [dbo].[TradeBlotter] VALUES (20231111,'M00170','ALGEBFIIS','Bot',2316,'SPX',20251115,1458,'P',324.4,NULL)
INSERT INTO [dbo].[TradeBlotter] VALUES (20231101,'M00171','NOMURA PROP LONDON','Sold',1303,'OMF',20240824,1611.6,'P',427.6,NULL)
INSERT INTO [dbo].[TradeBlotter] VALUES (20231014,'M00172','METAVAL','Sold',921,'COP',20260724,639,'C',1803.8,NULL)
INSERT INTO [dbo].[TradeBlotter] VALUES (20231021,'M00173','BTIG','Sold',2896,'CAT',20250326,94.6,'P',1140.2,NULL)
INSERT INTO [dbo].[TradeBlotter] VALUES (20231112,'M00174','BTG','Sold',893,'XEL',20251119,1403,'C',19.8,NULL)
INSERT INTO [dbo].[TradeBlotter] VALUES (20230929,'M00175','MD SASS ASSOCIATES INC.','Sold',1607,'DV',20240925,1757.6,'P',700.8,NULL)
INSERT INTO [dbo].[TradeBlotter] VALUES (20231005,'M00176','FIDELITY IM','Sold',826,'TSHA',20240422,1971.6,'C',1452,NULL)
INSERT INTO [dbo].[TradeBlotter] VALUES (20231116,'M00177','TIMBER HILL','Sold',1533,'XRX',20250104,423.6,'P',913.4,NULL)
INSERT INTO [dbo].[TradeBlotter] VALUES (20231115,'M00178','TAMALPAIS','Sold',855,'VHT',20251202,1429.2,'P',298.6,NULL)
INSERT INTO [dbo].[TradeBlotter] VALUES (20230928,'M00179','XARAF','Bot',2365,'DE',20250731,1301,'P',1556.2,NULL)
INSERT INTO [dbo].[TradeBlotter] VALUES (20230911,'M00180','HBK','Bot',123,'ZTO',20241123,919.2,'C',1118.2,NULL)
INSERT INTO [dbo].[TradeBlotter] VALUES (20231125,'M00181','PIONEERPATH','Sold',1911,'VHT',20241114,1153.8,'C',933.2,NULL)
INSERT INTO [dbo].[TradeBlotter] VALUES (20231007,'M00182','WESTCH ESTER CAPITAL','Bot',2765,'SU3',20260813,170,'C',119,NULL)
INSERT INTO [dbo].[TradeBlotter] VALUES (20230908,'M00183','GALLEON','Bot',1295,'MHTX',20240806,582.4,'P',143,NULL)
INSERT INTO [dbo].[TradeBlotter] VALUES (20230919,'M00184','CLAFIIUM CAPITAL','Bot',2249,'LLY',20240803,970.4,'C',1139,NULL)


INSERT INTO [dbo].[OpenPosition] VALUES ('M00100',20231016,'AAPL',1457,20241107,288.8,'P',395.8,NULL,NULL,'2023-07-01 17:54:38',20231109,20231001,'O','C')
INSERT INTO [dbo].[OpenPosition] VALUES ('M00101',20231105,'GPN',2348,20250922,314.6,'P',110,NULL,NULL,'2023-11-27 17:54:38',20231122,20231107,'O','C')
INSERT INTO [dbo].[OpenPosition] VALUES ('M00102',20230927,'CMS',470,20240211,1400.8,'C',1541.8,NULL,NULL,'2023-05-14 17:54:38',20231212,20231026,'O','C')
INSERT INTO [dbo].[OpenPosition] VALUES ('M00103',20231106,'SMO',1577,20250515,1754.8,'C',883.8,NULL,NULL,'2023-09-08 17:54:38',20230930,20230917,'O','C')
INSERT INTO [dbo].[OpenPosition] VALUES ('M00104',20231109,'HOUS',2569,20260418,670,'C',338.6,NULL,NULL,'2022-11-25 17:54:38',20230911,20230910,'O','C')
INSERT INTO [dbo].[OpenPosition] VALUES ('M00105',20231203,'MNTS',1906,20250707,1498.8,'P',328,NULL,NULL,'2023-03-25 17:54:38',20230930,20231123,'O','C')
INSERT INTO [dbo].[OpenPosition] VALUES ('M00106',20231028,'FLH',1333,20251121,1364.6,'P',1262.2,NULL,NULL,'2023-05-08 17:54:38',20230909,20231119,'O','C')
INSERT INTO [dbo].[OpenPosition] VALUES ('M00107',20231026,'HOU',675,20240418,1396.2,'P',124.2,NULL,NULL,'2022-12-05 17:54:38',20231018,20230912,'O','C')
INSERT INTO [dbo].[OpenPosition] VALUES ('M00108',20231115,'OMF',416,20260909,998.2,'C',962.6,NULL,NULL,'2023-01-25 17:54:38',20231002,20230925,'O','C')
INSERT INTO [dbo].[OpenPosition] VALUES ('M00109',20231004,'J',363,20250917,1273.8,'P',202,NULL,NULL,'2023-08-29 17:54:38',20231102,20231202,'O','C')
INSERT INTO [dbo].[OpenPosition] VALUES ('M00110',20230929,'TSHA',1275,20240507,212.6,'P',1869.6,NULL,NULL,'2022-09-12 17:54:38',20231009,20231013,'O','C')
INSERT INTO [dbo].[OpenPosition] VALUES ('M00111',20231010,'BABA',190,20241227,1123,'P',1212.6,NULL,NULL,'2023-09-11 17:54:38',20231104,20231014,'O','C')
INSERT INTO [dbo].[OpenPosition] VALUES ('M00112',20231212,'NNAC',1600,20260206,1645.2,'C',1662.6,NULL,NULL,'2022-09-03 17:54:38',20231205,20231115,'O','C')
INSERT INTO [dbo].[OpenPosition] VALUES ('M00113',20231129,'XYL',799,20240809,823,'P',257,NULL,NULL,'2022-08-31 17:54:38',20230930,20231004,'O','C')
INSERT INTO [dbo].[OpenPosition] VALUES ('M00114',20231209,'UNH',2227,20251014,819.2,'P',817.4,NULL,NULL,'2023-02-01 17:54:38',20231201,20231122,'O','C')
INSERT INTO [dbo].[OpenPosition] VALUES ('M00115',20231025,'VMW',2945,20240919,318.6,'C',1616,NULL,NULL,'2022-12-12 17:54:38',20230910,20231030,'O','C')
INSERT INTO [dbo].[OpenPosition] VALUES ('M00116',20231211,'NOC',1360,20241028,1241.6,'C',1185.2,NULL,NULL,'2023-11-17 17:54:38',20230908,20231020,'O','C')
INSERT INTO [dbo].[OpenPosition] VALUES ('M00117',20230925,'DE',1401,20250628,1098.2,'P',623.6,NULL,NULL,'2023-10-31 17:54:38',20231017,20230921,'O','C')
INSERT INTO [dbo].[OpenPosition] VALUES ('M00118',20230929,'XYL',2926,20260407,823,'P',1792.2,NULL,NULL,'2022-10-27 17:54:38',20231202,20231101,'O','C')
INSERT INTO [dbo].[OpenPosition] VALUES ('M00119',20231112,'DDD',1928,20260415,1315.4,'P',1413.8,NULL,NULL,'2023-03-02 17:54:38',20230914,20230917,'O','C')
INSERT INTO [dbo].[OpenPosition] VALUES ('M00120',20231020,'SHEL',2228,20240201,709.2,'P',580.2,NULL,NULL,'2023-09-17 17:54:38',20231117,20231016,'O','C')
INSERT INTO [dbo].[OpenPosition] VALUES ('M00121',20230906,'AHHY',2217,20240126,439.2,'C',824.8,NULL,NULL,'2023-12-09 17:54:38',20231102,20231102,'O','C')
INSERT INTO [dbo].[OpenPosition] VALUES ('M00122',20231124,'SHEL',1833,20260411,1566,'C',158.2,NULL,NULL,'2023-01-26 17:54:38',20231019,20231204,'O','C')
INSERT INTO [dbo].[OpenPosition] VALUES ('M00123',20231208,'VMW',1756,20241203,1167.4,'P',335.2,NULL,NULL,'2023-08-23 17:54:38',20231129,20231027,'O','C')
INSERT INTO [dbo].[OpenPosition] VALUES ('M00124',20231209,'OSTK',1663,20260128,546.8,'P',602,NULL,NULL,'2022-10-17 17:54:38',20230919,20231125,'O','C')
INSERT INTO [dbo].[OpenPosition] VALUES ('M00125',20231206,'THV',617,20241104,677.6,'P',333,NULL,NULL,'2023-03-06 17:54:38',20230927,20230906,'O','C')
INSERT INTO [dbo].[OpenPosition] VALUES ('M00126',20230923,'VMW',651,20251129,1040.2,'P',1803.2,NULL,NULL,'2023-06-01 17:54:38',20231122,20231210,'O','C')
INSERT INTO [dbo].[OpenPosition] VALUES ('M00127',20231103,'AAL',493,20251029,798.6,'P',609.2,NULL,NULL,'2023-02-22 17:54:38',20231024,20231202,'O','C')
INSERT INTO [dbo].[OpenPosition] VALUES ('M00128',20230924,'GH',2388,20240127,1195.2,'C',1746.4,NULL,NULL,'2023-04-23 17:54:38',20231209,20230906,'O','C')
INSERT INTO [dbo].[OpenPosition] VALUES ('M00129',20230926,'SHW',221,20260211,1028.2,'C',266.2,NULL,NULL,'2023-05-01 17:54:38',20230914,20230929,'O','C')
INSERT INTO [dbo].[OpenPosition] VALUES ('M00130',20231212,'BKR',2768,20250919,1112,'C',1039.6,NULL,NULL,'2023-02-27 17:54:38',20231006,20231119,'O','C')
INSERT INTO [dbo].[OpenPosition] VALUES ('M00131',20231117,'AAP',93,20251220,449.6,'P',319.2,NULL,NULL,'2022-11-13 17:54:38',20231017,20231110,'O','C')
INSERT INTO [dbo].[OpenPosition] VALUES ('M00132',20230925,'LLY',1244,20251110,1043.4,'C',318.2,NULL,NULL,'2023-10-12 17:54:38',20231109,20231015,'O','C')
INSERT INTO [dbo].[OpenPosition] VALUES ('M00133',20231207,'TLT',1261,20241101,410.8,'P',1717,NULL,NULL,'2023-08-20 17:54:38',20231002,20231126,'O','C')
INSERT INTO [dbo].[OpenPosition] VALUES ('M00134',20231106,'ZTO',1944,20240205,1070,'P',739.6,NULL,NULL,'2022-12-30 17:54:38',20231013,20231016,'O','C')
INSERT INTO [dbo].[OpenPosition] VALUES ('M00135',20231119,'VHT',2316,20250901,1054.6,'C',1332.2,NULL,NULL,'2023-09-07 17:54:38',20231027,20230917,'O','C')
INSERT INTO [dbo].[OpenPosition] VALUES ('M00136',20231110,'BKR',1870,20240910,1794.2,'P',720.8,NULL,NULL,'2022-12-11 17:54:38',20230920,20231127,'O','C')
INSERT INTO [dbo].[OpenPosition] VALUES ('M00137',20230909,'FLH',326,20260717,1869.8,'C',127.2,NULL,NULL,'2023-05-13 17:54:38',20230906,20231026,'O','C')
INSERT INTO [dbo].[OpenPosition] VALUES ('M00138',20231101,'XP',2699,20260820,767.8,'P',748.2,NULL,NULL,'2023-03-07 17:54:38',20231102,20231118,'O','C')
INSERT INTO [dbo].[OpenPosition] VALUES ('M00139',20231209,'TTD',2432,20250101,492,'C',890.6,NULL,NULL,'2023-08-28 17:54:38',20231010,20231005,'O','C')
INSERT INTO [dbo].[OpenPosition] VALUES ('M00140',20231103,'XRX',32,20250315,824,'C',154.4,NULL,NULL,'2022-12-24 17:54:38',20231122,20231103,'O','C')
INSERT INTO [dbo].[OpenPosition] VALUES ('M00141',20231031,'WDC',1827,20251029,246.6,'P',951.8,NULL,NULL,'2022-11-25 17:54:38',20231108,20230920,'O','C')
INSERT INTO [dbo].[OpenPosition] VALUES ('M00142',20231107,'HLL',1996,20260130,988.2,'P',1385,NULL,NULL,'2023-11-01 17:54:38',20230923,20231211,'O','C')
INSERT INTO [dbo].[OpenPosition] VALUES ('M00143',20231102,'TSHA',68,20260112,1763.2,'C',1800.6,NULL,NULL,'2023-05-11 17:54:38',20231116,20231026,'O','C')
INSERT INTO [dbo].[OpenPosition] VALUES ('M00144',20231119,'K',2899,20240426,854.4,'P',4.8,NULL,NULL,'2022-08-29 17:54:38',20231026,20231126,'O','C')
INSERT INTO [dbo].[OpenPosition] VALUES ('M00145',20231023,'JPM',1113,20251010,1955.4,'C',953,NULL,NULL,'2023-05-04 17:54:38',20231012,20231125,'O','C')
INSERT INTO [dbo].[OpenPosition] VALUES ('M00146',20231106,'GH',1796,20250807,1739.4,'P',358.4,NULL,NULL,'2023-11-30 17:54:38',20230916,20230922,'O','C')
INSERT INTO [dbo].[OpenPosition] VALUES ('M00147',20231002,'LLY',2759,20250521,1133,'C',1412,NULL,NULL,'2023-06-15 17:54:38',20231007,20231012,'O','C')
INSERT INTO [dbo].[OpenPosition] VALUES ('M00148',20230924,'MGM',597,20240121,368.2,'C',135.6,NULL,NULL,'2023-11-17 17:54:38',20230922,20231023,'O','C')
INSERT INTO [dbo].[OpenPosition] VALUES ('M00149',20231016,'HOUS',1441,20240407,1119.8,'P',795.4,NULL,NULL,'2022-11-27 17:54:38',20230925,20231120,'O','C')
INSERT INTO [dbo].[OpenPosition] VALUES ('M00150',20231127,'XRX',1952,20260520,1468,'C',1725,NULL,NULL,'2023-01-14 17:54:38',20230910,20231016,'O','C')
INSERT INTO [dbo].[OpenPosition] VALUES ('M00151',20231013,'BABA',1532,20260416,1906,'P',1853.6,NULL,NULL,'2023-07-14 17:54:38',20230927,20231214,'O','C')
INSERT INTO [dbo].[OpenPosition] VALUES ('M00152',20230918,'XRX',2808,20251112,999.2,'C',113.8,NULL,NULL,'2022-11-23 17:54:38',20231123,20231009,'O','C')
INSERT INTO [dbo].[OpenPosition] VALUES ('M00153',20231121,'IFW',205,20251201,260.8,'P',773,NULL,NULL,'2023-06-30 17:54:38',20231208,20230926,'O','C')
INSERT INTO [dbo].[OpenPosition] VALUES ('M00154',20231012,'XEL',1583,20240201,1264,'C',78.8,NULL,NULL,'2023-05-22 17:54:38',20231210,20231204,'O','C')
INSERT INTO [dbo].[OpenPosition] VALUES ('M00155',20231213,'OSTK',378,20240319,1175.2,'C',231,NULL,NULL,'2023-11-02 17:54:38',20231029,20230912,'O','C')
INSERT INTO [dbo].[OpenPosition] VALUES ('M00156',20231214,'VHT',2159,20240207,16,'C',1311.6,NULL,NULL,'2023-05-15 17:54:38',20231210,20231027,'O','C')
INSERT INTO [dbo].[OpenPosition] VALUES ('M00157',20230915,'INSP',1539,20260901,418.2,'P',414.6,NULL,NULL,'2023-07-03 17:54:38',20231128,20230912,'O','C')
INSERT INTO [dbo].[OpenPosition] VALUES ('M00158',20231204,'OSTK',2161,20260101,1766.8,'P',111.6,NULL,NULL,'2022-09-06 17:54:38',20231108,20230928,'O','C')
INSERT INTO [dbo].[OpenPosition] VALUES ('M00159',20231130,'ZTO',1899,20251030,1337.6,'C',1211.4,NULL,NULL,'2022-08-15 17:54:38',20230913,20230930,'O','C')
INSERT INTO [dbo].[OpenPosition] VALUES ('M00160',20231210,'CAT',1805,20260303,618.4,'C',228,NULL,NULL,'2023-03-15 17:54:38',20231011,20231209,'O','C')
INSERT INTO [dbo].[OpenPosition] VALUES ('M00161',20231007,'PLUG',1998,20250123,648,'C',626.2,NULL,NULL,'2022-11-19 17:54:38',20230930,20231207,'O','C')
INSERT INTO [dbo].[OpenPosition] VALUES ('M00162',20230920,'HOU',1792,20250216,1282.2,'C',145.6,NULL,NULL,'2023-05-28 17:54:38',20230925,20231212,'O','C')
INSERT INTO [dbo].[OpenPosition] VALUES ('M00163',20231028,'DV',1884,20240812,1757.2,'C',888.6,NULL,NULL,'2023-02-18 17:54:38',20231006,20231107,'O','C')
INSERT INTO [dbo].[OpenPosition] VALUES ('M00164',20231116,'GPN',2402,20251203,1386,'P',1548.6,NULL,NULL,'2022-11-15 17:54:38',20231127,20231130,'O','C')
INSERT INTO [dbo].[OpenPosition] VALUES ('M00165',20231002,'BBBY',535,20250830,932.4,'P',1234,NULL,NULL,'2023-06-27 17:54:38',20230908,20231012,'O','C')
INSERT INTO [dbo].[OpenPosition] VALUES ('M00166',20231116,'BLDR',1130,20260614,1010.6,'C',1953.6,NULL,NULL,'2022-10-02 17:54:38',20230921,20231202,'O','C')
INSERT INTO [dbo].[OpenPosition] VALUES ('M00167',20231026,'WM',1873,20251014,440.6,'P',819.8,NULL,NULL,'2023-03-05 17:54:38',20231021,20231113,'O','C')
INSERT INTO [dbo].[OpenPosition] VALUES ('M00168',20231102,'IGT',1014,20240309,1194.6,'P',507.8,NULL,NULL,'2023-02-13 17:54:38',20230922,20230925,'O','C')
INSERT INTO [dbo].[OpenPosition] VALUES ('M00169',20230925,'PFQ',1793,20240926,561.4,'P',1837.4,NULL,NULL,'2023-06-25 17:54:38',20231104,20231003,'O','C')
INSERT INTO [dbo].[OpenPosition] VALUES ('M00170',20230906,'IWM',1296,20250227,1000.6,'C',1499.4,NULL,NULL,'2023-04-12 17:54:38',20231211,20230921,'O','C')
INSERT INTO [dbo].[OpenPosition] VALUES ('M00171',20231004,'K',2267,20260730,825.4,'P',865.2,NULL,NULL,'2023-06-21 17:54:38',20231105,20230907,'O','C')
INSERT INTO [dbo].[OpenPosition] VALUES ('M00172',20231007,'PARA',834,20260807,214,'P',530.8,NULL,NULL,'2023-02-04 17:54:38',20231115,20230922,'O','C')
INSERT INTO [dbo].[OpenPosition] VALUES ('M00173',20230909,'WM',1858,20250523,1394,'C',1157.6,NULL,NULL,'2022-08-11 17:54:38',20231214,20231120,'O','C')
INSERT INTO [dbo].[OpenPosition] VALUES ('M00174',20230910,'AZEK',1119,20260908,281,'P',1133.8,NULL,NULL,'2022-10-06 17:54:38',20231213,20231120,'O','C')
INSERT INTO [dbo].[OpenPosition] VALUES ('M00175',20231130,'FSLY',523,20260524,1499,'C',698.6,NULL,NULL,'2023-03-20 17:54:38',20230911,20230917,'O','C')
INSERT INTO [dbo].[OpenPosition] VALUES ('M00176',20231105,'TTD',1303,20260808,1770.4,'P',261.4,NULL,NULL,'2023-05-19 17:54:38',20230928,20231119,'O','C')
INSERT INTO [dbo].[OpenPosition] VALUES ('M00177',20231110,'IWM',1760,20240616,642,'P',259,NULL,NULL,'2023-07-25 17:54:38',20231126,20231018,'O','C')
INSERT INTO [dbo].[OpenPosition] VALUES ('M00178',20231003,'STEM',1047,20260825,408.6,'C',1337.8,NULL,NULL,'2022-11-29 17:54:38',20230925,20231005,'O','C')
INSERT INTO [dbo].[OpenPosition] VALUES ('M00179',20230921,'WM',752,20251207,679.2,'C',1933.6,NULL,NULL,'2023-08-19 17:54:38',20231001,20231211,'O','C')
INSERT INTO [dbo].[OpenPosition] VALUES ('M00180',20230906,'AHHY',704,20260415,297.4,'P',793.4,NULL,NULL,'2022-12-13 17:54:38',20231202,20231126,'O','C')
INSERT INTO [dbo].[OpenPosition] VALUES ('M00181',20231207,'LTHM',2712,20260524,548.4,'C',655.8,NULL,NULL,'2022-09-06 17:54:38',20231014,20230930,'O','C')
INSERT INTO [dbo].[OpenPosition] VALUES ('M00182',20231114,'AZEK',595,20250401,1926.4,'P',1838,NULL,NULL,'2023-06-12 17:54:38',20231022,20231210,'O','C')
INSERT INTO [dbo].[OpenPosition] VALUES ('M00183',20231104,'PFQ',2384,20240307,1183,'P',1600,NULL,NULL,'2022-11-08 17:54:38',20231115,20230919,'O','C')
INSERT INTO [dbo].[OpenPosition] VALUES ('M00184',20231023,'ZTO',610,20260906,1861.6,'P',1515.8,NULL,NULL,'2023-01-13 17:54:38',20231102,20231201,'O','C')

INSERT INTO [dbo].[PositionRisk] VALUES (20230922,'HADI',11485.6,10615.6,16689,4177,16776.8,7292.6,8516.6)
INSERT INTO [dbo].[PositionRisk] VALUES (20230925,'COP',19602.4,4080,15441.6,968.6,19663.6,184.4,202.6)
INSERT INTO [dbo].[PositionRisk] VALUES (20230912,'LTHM',13199.2,15561.8,141,18260.8,61.2,9642.2,14231)
INSERT INTO [dbo].[PositionRisk] VALUES (20231209,'WM',16300.8,16882.6,4026.6,18362,14260.6,13622.2,19825.2)
INSERT INTO [dbo].[PositionRisk] VALUES (20231201,'IWM',2745.8,14214,3651.2,15052.8,14267,19799,12700.2)
INSERT INTO [dbo].[PositionRisk] VALUES (20231120,'IOVA',6667,18372,7942,9736.4,6703.2,14987.4,6605.2)
INSERT INTO [dbo].[PositionRisk] VALUES (20231019,'JPM',16908,18064.2,19770.2,16846.6,7060.8,7305.8,4543)
INSERT INTO [dbo].[PositionRisk] VALUES (20231027,'ADSK',8107.8,19536.2,17567.6,18032.6,6575.6,3089,3840.8)
INSERT INTO [dbo].[PositionRisk] VALUES (20231205,'OMF',2776.4,19426.4,3014.8,1275.4,15525.8,4855.6,2544.2)
INSERT INTO [dbo].[PositionRisk] VALUES (20231111,'BABA',8977.4,18450,4250.4,12913.6,11961.2,16104.4,2151.2)
INSERT INTO [dbo].[PositionRisk] VALUES (20231202,'UNH',3416.6,9278.8,17999.2,4240.4,571.4,8554.6,15963.2)
INSERT INTO [dbo].[PositionRisk] VALUES (20231110,'HOU',14689.4,17707.4,7289.6,16997,17213,7876,1938.6)
INSERT INTO [dbo].[PositionRisk] VALUES (20231107,'WDC',4751.8,6856.2,11231.6,2324,17698.6,15766.2,1560)
INSERT INTO [dbo].[PositionRisk] VALUES (20231001,'AMAT',12124.4,15230.8,13785.6,17634.6,14160.6,2545.2,10094.2)
INSERT INTO [dbo].[PositionRisk] VALUES (20230908,'VHT',9093.4,14278.8,7294.4,3910.2,12029.2,12404,16583.2)
INSERT INTO [dbo].[PositionRisk] VALUES (20231019,'PFQ',11323.8,12083.6,15361.6,4992.2,17878,15464.8,16597.8)
INSERT INTO [dbo].[PositionRisk] VALUES (20231013,'UN',6269.6,5400.8,3029.8,15526.6,12428.2,17775.8,17935.6)
INSERT INTO [dbo].[PositionRisk] VALUES (20230927,'TTD',15267.2,12265,18762,8409.6,5567.4,1205.2,10207.6)
INSERT INTO [dbo].[PositionRisk] VALUES (20231130,'COTY',11556.6,6738.4,14430.6,19393.8,7925.6,10835.2,2243.8)
INSERT INTO [dbo].[PositionRisk] VALUES (20231109,'GH',13390,17971,11764,19239.6,1359,2444.8,15087.6)
INSERT INTO [dbo].[PositionRisk] VALUES (20231211,'INSP',15291,15290.4,1915.2,7180,1209.6,11565.6,4786)
INSERT INTO [dbo].[PositionRisk] VALUES (20231026,'IR',9681.4,10761,9509,17641.6,15009,19013.4,5817)
INSERT INTO [dbo].[PositionRisk] VALUES (20231013,'BKR',18498.8,5598.8,8228.6,9907.8,15283,3564.6,4523.2)
INSERT INTO [dbo].[PositionRisk] VALUES (20231015,'MGM',17710.4,9334.6,15995,17152.6,18492,2355,6953.8)
INSERT INTO [dbo].[PositionRisk] VALUES (20231103,'VLY',7482.6,11307.4,14552.2,12882.4,6412.8,4306.4,7852.4)
INSERT INTO [dbo].[PositionRisk] VALUES (20230910,'ELAN',12845.2,1117.2,780.8,18790.6,8893.6,2537.2,7205.6)
INSERT INTO [dbo].[PositionRisk] VALUES (20230913,'XYL',7923.2,19421,12277,1128.4,12438.4,4799.8,8931.8)
INSERT INTO [dbo].[PositionRisk] VALUES (20231019,'CAT',712.6,15819,4531.8,10182.6,19661,7462.4,9856.4)
INSERT INTO [dbo].[PositionRisk] VALUES (20231107,'PXD',7688.2,5915.8,7382.4,16950.6,15621.2,6672.4,10623)
INSERT INTO [dbo].[PositionRisk] VALUES (20231030,'PHH',6013.6,16300.6,15922.8,16535.4,5453.8,4647.8,26.6)
INSERT INTO [dbo].[PositionRisk] VALUES (20230909,'ETN',7706.8,705,10476.4,9162.8,12092,13816.6,1156.8)
INSERT INTO [dbo].[PositionRisk] VALUES (20231115,'SHW',18013.4,7424,11148.8,5604.8,4870.2,13142.6,13012.4)
INSERT INTO [dbo].[PositionRisk] VALUES (20230925,'SU3',5081.8,17367.6,7188,3322.2,12764.2,17333.2,9077.6)
INSERT INTO [dbo].[PositionRisk] VALUES (20230908,'BLDR',7816.2,2743.6,12740.4,19214.2,5990.4,4593.2,12141)
INSERT INTO [dbo].[PositionRisk] VALUES (20230918,'DXJ',10865,10048.2,1752.4,12802.2,11346.8,16763.8,15426.6)
INSERT INTO [dbo].[PositionRisk] VALUES (20231014,'STEM',5332.6,4184.6,2727.6,8158,18020.4,8329.8,16476.4)
INSERT INTO [dbo].[PositionRisk] VALUES (20230929,'K',16216.8,10508.4,19885.2,18893,6344.2,5807,2162.6)
INSERT INTO [dbo].[PositionRisk] VALUES (20231110,'LLY',12753.4,2473.4,15726,2330.4,17928,12794.2,7001)
INSERT INTO [dbo].[PositionRisk] VALUES (20231124,'TSHA',989.2,12934.6,19050.2,17446.4,8385.6,4643.8,7824.2)
INSERT INTO [dbo].[PositionRisk] VALUES (20231024,'FSLY',16557.2,858.2,12493.6,14387.2,8884.2,19102,8498.8)
INSERT INTO [dbo].[PositionRisk] VALUES (20231129,'THV',3359.6,2590.2,644,10830,8846.8,7996,17640.6)
INSERT INTO [dbo].[PositionRisk] VALUES (20231007,'AZN',15169,9488.4,13540.4,5426.6,653.4,4812,6261.8)
INSERT INTO [dbo].[PositionRisk] VALUES (20231128,'XEL',16824.6,19921.4,87.8,9107.2,7966.6,1766.4,8150.4)
INSERT INTO [dbo].[PositionRisk] VALUES (20231129,'AZEK',3839.4,13365.2,17423.4,16731.6,7381.4,15813.6,6706.8)
INSERT INTO [dbo].[PositionRisk] VALUES (20231009,'AHHY',19149.6,9261.4,15471.6,11413.6,12000.6,8639.2,7155.2)
INSERT INTO [dbo].[PositionRisk] VALUES (20231106,'MNTS',7605,18007.6,16568.2,4897.2,11506.6,15242.6,1713.4)
INSERT INTO [dbo].[PositionRisk] VALUES (20230908,'TLT',5839.8,14502.6,2220,18156,2707.8,14910.2,5585.4)
INSERT INTO [dbo].[PositionRisk] VALUES (20230910,'NOC',18273.4,4285.2,3644.6,8970.2,19919,9067,15440.8)
INSERT INTO [dbo].[PositionRisk] VALUES (20230912,'VALE',2119,7818.4,7863.6,1678.4,14022.8,13000.4,1003.2)
INSERT INTO [dbo].[PositionRisk] VALUES (20230916,'FLH',13325.4,8989.8,9979.2,3713,17196.6,3914.8,17974)
INSERT INTO [dbo].[PositionRisk] VALUES (20231012,'XRX',5889.6,7066.4,14601.8,1632.2,10063.8,16912.4,13075.8)
INSERT INTO [dbo].[PositionRisk] VALUES (20231113,'DE',6120.8,987.4,4419.8,2590.2,19486.4,10080.8,7924.4)
INSERT INTO [dbo].[PositionRisk] VALUES (20231205,'MHTX',4371.6,19218.6,14205.4,13922.4,5002.4,17598.6,13682.6)
INSERT INTO [dbo].[PositionRisk] VALUES (20231001,'ZTO',16388,4566.8,13289.6,2508.2,10588.2,6419.6,8147.2)
INSERT INTO [dbo].[PositionRisk] VALUES (20230923,'J',4818,4867.8,3464.2,4001.2,13205.8,10262.2,16344.6)
INSERT INTO [dbo].[PositionRisk] VALUES (20231006,'HOUS',1095.2,5400.4,2229.2,971.6,822,14605.2,11280.2)
INSERT INTO [dbo].[PositionRisk] VALUES (20230923,'IGT',10288.8,12076.2,12596.8,16459.8,16575,15133.2,5126.6)
INSERT INTO [dbo].[PositionRisk] VALUES (20231009,'AAL',18208.6,11105.2,15527,10512,6520.4,1186.2,7457)
INSERT INTO [dbo].[PositionRisk] VALUES (20231116,'AMBA',16413,11429.6,4030.6,5209,13072.2,2531.4,13730.8)
INSERT INTO [dbo].[PositionRisk] VALUES (20231106,'MTB',3125.6,2294,14143.4,10713.4,12135.2,6723.6,6581.6)
INSERT INTO [dbo].[PositionRisk] VALUES (20230922,'DV',5218.4,11888.4,6267,8545.8,13138,10338.8,14635.8)
INSERT INTO [dbo].[PositionRisk] VALUES (20230926,'AAP',18702,6564,8122.4,7051.2,9958.6,8474,13005.2)
INSERT INTO [dbo].[PositionRisk] VALUES (20231126,'LAZ',5802.8,8622.6,13249.6,13319.8,18148.2,19603.4,8542.6)
INSERT INTO [dbo].[PositionRisk] VALUES (20231127,'SPX',18064,2058.6,148.2,10885.2,2422.6,4704.2,7705)
INSERT INTO [dbo].[PositionRisk] VALUES (20231204,'SMO',6909.8,15398.8,9764,8442.6,8985.8,5536,6527)
INSERT INTO [dbo].[PositionRisk] VALUES (20230908,'T',17698.2,3582.4,13873.2,724,18902.6,4127.2,17050.4)
INSERT INTO [dbo].[PositionRisk] VALUES (20231212,'GPN',11254.8,14114,1756.4,8055.8,16373.2,16668.2,17262)
INSERT INTO [dbo].[PositionRisk] VALUES (20231017,'SOXL',1426.2,4619,4243.8,7452.4,19128.6,18225,1350.6)
INSERT INTO [dbo].[PositionRisk] VALUES (20230926,'SPR',1930,74.6,1035.8,15222.6,14486.6,2723,3308.6)
INSERT INTO [dbo].[PositionRisk] VALUES (20230909,'CMS',3897.8,11526,4880.6,7488,384.8,13417.6,5886.6)
INSERT INTO [dbo].[PositionRisk] VALUES (20231005,'BBBY',4366.4,17426.8,32,2221.6,7073.4,14284.2,13462.8)
INSERT INTO [dbo].[PositionRisk] VALUES (20231109,'OSTK',3780,13830.2,6000.8,10399.2,6853.2,1365.8,15942.4)
INSERT INTO [dbo].[PositionRisk] VALUES (20230913,'MAT',12795.2,9629.4,16915.4,10409.8,1129.4,13973.4,1200.4)
INSERT INTO [dbo].[PositionRisk] VALUES (20231202,'SHEL',14954,18171.8,5099.6,19808.8,16777.6,600.6,17951)
INSERT INTO [dbo].[PositionRisk] VALUES (20231027,'NVO',13953.8,2138,13847,4742,13049,14935.6,15785.4)
INSERT INTO [dbo].[PositionRisk] VALUES (20231103,'HLL',17491.8,5030,9320.4,8583.6,4477.8,10168,2076)
INSERT INTO [dbo].[PositionRisk] VALUES (20231202,'COW',8463,749.4,19837.4,3742.2,10127.6,5254.6,19060.8)
INSERT INTO [dbo].[PositionRisk] VALUES (20231202,'PARA',11680.8,2098.6,12176.6,3743,13496.2,16501.8,10699)
INSERT INTO [dbo].[PositionRisk] VALUES (20231003,'VMW',1150.2,1813.4,8552,2398.6,12499,16283.2,18016.6)
INSERT INTO [dbo].[PositionRisk] VALUES (20230913,'AAPL',5439,19778.6,4113,5930.6,18575.4,13752.8,9361.8)
INSERT INTO [dbo].[PositionRisk] VALUES (20230930,'TCOM',11439,17653.8,10438,15802.4,19081.6,14370.8,18634.2)
INSERT INTO [dbo].[PositionRisk] VALUES (20231016,'NNAC',11473.8,4156.8,16948,13814.6,14338.4,19437.6,14254.2)
INSERT INTO [dbo].[PositionRisk] VALUES (20230908,'RBLX',13618.4,17391.6,14412.6,6623.6,2823.2,1446.2,16004.4)
INSERT INTO [dbo].[PositionRisk] VALUES (20231119,'BCYC',6841.4,4301,8641.4,11899.2,14540,3649.6,9354.4)
INSERT INTO [dbo].[PositionRisk] VALUES (20231118,'HOUR',9813.8,12620.2,8190.2,2855.6,19028,3453.2,19187.6)
INSERT INTO [dbo].[PositionRisk] VALUES (20231206,'ARCC',7793.4,15699.4,18285.4,14235.6,10920,11955.4,10144.8)
INSERT INTO [dbo].[PositionRisk] VALUES (20231025,'PLUG',5842.8,14867.8,3451.4,5292.4,5289.6,17773.8,4895.6)
INSERT INTO [dbo].[PositionRisk] VALUES (20231011,'XP',2255,9080.6,13192,12361.4,9475.6,19659.8,6149.8)
INSERT INTO [dbo].[PositionRisk] VALUES (20231116,'IFW',7221.6,4589.2,2643.8,17038.8,13289.6,11215.2,5545.2)
INSERT INTO [dbo].[PositionRisk] VALUES (20230912,'DDD',5751.4,6468,18825.8,4272.2,18936.6,320.6,139.4)
INSERT INTO [dbo].[PositionRisk] VALUES (20230924,'BP',13534.4,16147.2,13821.4,11307,6867.4,9903.4,1989.8)






